backbone,id_size,method,ood_class,n,AUROC,FPR95,AUPR_OUT
ALL,2,diag_huber_raw,cheetah,126,0.935532,0.485081,0.780991
ALL,2,diag_huber_raw,jaguar,126,0.839546,0.626208,0.635696
ALL,2,diag_huber_raw,leopard,126,0.846519,0.582399,0.667865
ALL,2,diag_huber_raw,lion,126,0.961186,0.28939,0.888334
ALL,2,diag_huber_raw,ocelot,126,0.847056,0.711166,0.643468
ALL,2,diag_huber_raw,puma,126,0.930711,0.478149,0.849029
ALL,2,diag_huber_raw,serval,126,0.937492,0.419043,0.77537
ALL,2,diag_huber_raw,tiger,126,0.978263,0.070302,0.953478
ALL,3,diag_huber_raw,cheetah,210,0.927109,0.576511,0.670186
ALL,3,diag_huber_raw,jaguar,210,0.791442,0.717838,0.470958
ALL,3,diag_huber_raw,leopard,210,0.793933,0.680822,0.50576
ALL,3,diag_huber_raw,lion,210,0.955964,0.314842,0.826609
ALL,3,diag_huber_raw,ocelot,210,0.809626,0.828502,0.476914
ALL,3,diag_huber_raw,puma,210,0.919166,0.56115,0.761342
ALL,3,diag_huber_raw,serval,210,0.923448,0.501375,0.652392
ALL,3,diag_huber_raw,tiger,210,0.975722,0.067272,0.926731
ALL,4,diag_huber_raw,cheetah,210,0.920957,0.637779,0.575764
ALL,4,diag_huber_raw,jaguar,210,0.748897,0.791215,0.345521
ALL,4,diag_huber_raw,leopard,210,0.744475,0.760812,0.375551
ALL,4,diag_huber_raw,lion,210,0.951683,0.332172,0.766842
ALL,4,diag_huber_raw,ocelot,210,0.781058,0.898619,0.358033
ALL,4,diag_huber_raw,puma,210,0.91069,0.623448,0.683338
ALL,4,diag_huber_raw,serval,210,0.9119,0.570587,0.548341
ALL,4,diag_huber_raw,tiger,210,0.974,0.062163,0.901391
ALL,5,diag_huber_raw,cheetah,126,0.916322,0.677713,0.499159
ALL,5,diag_huber_raw,jaguar,126,0.71042,0.851484,0.25226
ALL,5,diag_huber_raw,leopard,126,0.697072,0.832513,0.272507
ALL,5,diag_huber_raw,lion,126,0.947976,0.342861,0.709871
ALL,5,diag_huber_raw,ocelot,126,0.759198,0.934796,0.277915
ALL,5,diag_huber_raw,puma,126,0.903897,0.674195,0.615802
ALL,5,diag_huber_raw,serval,126,0.901734,0.634897,0.460579
ALL,5,diag_huber_raw,tiger,126,0.972766,0.058046,0.877356
ALL,6,diag_huber_raw,cheetah,42,0.912675,0.69659,0.438435
ALL,6,diag_huber_raw,jaguar,42,0.675181,0.902495,0.182908
ALL,6,diag_huber_raw,leopard,42,0.651116,0.898425,0.190391
ALL,6,diag_huber_raw,lion,42,0.944673,0.347951,0.65613
ALL,6,diag_huber_raw,ocelot,42,0.742604,0.952918,0.224804
ALL,6,diag_huber_raw,puma,42,0.89822,0.714987,0.557867
ALL,6,diag_huber_raw,serval,42,0.892542,0.695275,0.386776
ALL,6,diag_huber_raw,tiger,42,0.971827,0.055309,0.854123
ALL,7,diag_huber_raw,cheetah,6,0.909692,0.701572,0.389744
ALL,7,diag_huber_raw,jaguar,6,0.642814,0.945495,0.131094
ALL,7,diag_huber_raw,leopard,6,0.606312,0.960402,0.124353
ALL,7,diag_huber_raw,lion,6,0.941687,0.357591,0.605891
ALL,7,diag_huber_raw,ocelot,6,0.730266,0.962641,0.18864
ALL,7,diag_huber_raw,puma,6,0.893428,0.753671,0.508469
ALL,7,diag_huber_raw,serval,6,0.884135,0.749237,0.325164
ALL,7,diag_huber_raw,tiger,6,0.971098,0.055213,0.831103
ALL,ALL,diag_huber_raw,cheetah,720,0.923914,0.604137,0.616251
ALL,ALL,diag_huber_raw,jaguar,720,0.765252,0.759261,0.405294
ALL,ALL,diag_huber_raw,leopard,720,0.761865,0.728498,0.433757
ALL,ALL,diag_huber_raw,lion,720,0.953454,0.322633,0.787766
ALL,ALL,diag_huber_raw,ocelot,720,0.794448,0.855396,0.419454
ALL,ALL,diag_huber_raw,puma,720,0.914606,0.595156,0.71449
ALL,ALL,diag_huber_raw,serval,720,0.916607,0.543896,0.591776
ALL,ALL,diag_huber_raw,tiger,720,0.974881,0.063899,0.910348
dinov2_vitb14,2,diag_huber_raw,cheetah,63,0.925923,0.545663,0.758158
dinov2_vitb14,2,diag_huber_raw,jaguar,63,0.833646,0.61276,0.642342
dinov2_vitb14,2,diag_huber_raw,leopard,63,0.832905,0.580855,0.666601
dinov2_vitb14,2,diag_huber_raw,lion,63,0.96043,0.253807,0.894291
dinov2_vitb14,2,diag_huber_raw,ocelot,63,0.835384,0.723522,0.627647
dinov2_vitb14,2,diag_huber_raw,puma,63,0.929013,0.47162,0.844483
dinov2_vitb14,2,diag_huber_raw,serval,63,0.928797,0.451715,0.760279
dinov2_vitb14,2,diag_huber_raw,tiger,63,0.974307,0.102025,0.942634
dinov2_vitb14,3,diag_huber_raw,cheetah,105,0.915872,0.641511,0.63778
dinov2_vitb14,3,diag_huber_raw,jaguar,105,0.781037,0.708863,0.474256
dinov2_vitb14,3,diag_huber_raw,leopard,105,0.772139,0.685571,0.498006
dinov2_vitb14,3,diag_huber_raw,lion,105,0.954928,0.269126,0.836194
dinov2_vitb14,3,diag_huber_raw,ocelot,105,0.794133,0.836169,0.457455
dinov2_vitb14,3,diag_huber_raw,puma,105,0.916849,0.558196,0.754622
dinov2_vitb14,3,diag_huber_raw,serval,105,0.912813,0.531027,0.631519
dinov2_vitb14,3,diag_huber_raw,tiger,105,0.971463,0.0947,0.908778
dinov2_vitb14,4,diag_huber_raw,cheetah,105,0.908771,0.705063,0.538944
dinov2_vitb14,4,diag_huber_raw,jaguar,105,0.734056,0.782203,0.3452
dinov2_vitb14,4,diag_huber_raw,leopard,105,0.715151,0.766768,0.36367
dinov2_vitb14,4,diag_huber_raw,lion,105,0.950108,0.299388,0.779051
dinov2_vitb14,4,diag_huber_raw,ocelot,105,0.762684,0.90559,0.337755
dinov2_vitb14,4,diag_huber_raw,puma,105,0.907703,0.62374,0.674795
dinov2_vitb14,4,diag_huber_raw,serval,105,0.899819,0.597878,0.525719
dinov2_vitb14,4,diag_huber_raw,tiger,105,0.969454,0.082289,0.875723
dinov2_vitb14,5,diag_huber_raw,cheetah,63,0.903534,0.745815,0.462499
dinov2_vitb14,5,diag_huber_raw,jaguar,63,0.6912,0.84407,0.249186
dinov2_vitb14,5,diag_huber_raw,leopard,63,0.660532,0.837843,0.258941
dinov2_vitb14,5,diag_huber_raw,lion,63,0.945659,0.332866,0.723416
dinov2_vitb14,5,diag_huber_raw,ocelot,63,0.738844,0.940643,0.258552
dinov2_vitb14,5,diag_huber_raw,puma,63,0.900217,0.682821,0.605322
dinov2_vitb14,5,diag_huber_raw,serval,63,0.888476,0.658111,0.437828
dinov2_vitb14,5,diag_huber_raw,tiger,63,0.967949,0.072825,0.843251
dinov2_vitb14,6,diag_huber_raw,cheetah,21,0.899455,0.769038,0.40474
dinov2_vitb14,6,diag_huber_raw,jaguar,21,0.65167,0.896152,0.177865
dinov2_vitb14,6,diag_huber_raw,leopard,21,0.607553,0.900503,0.176886
dinov2_vitb14,6,diag_huber_raw,lion,21,0.941429,0.364065,0.669602
dinov2_vitb14,6,diag_huber_raw,ocelot,21,0.721181,0.95628,0.20779
dinov2_vitb14,6,diag_huber_raw,puma,21,0.893864,0.736815,0.545041
dinov2_vitb14,6,diag_huber_raw,serval,21,0.878359,0.713537,0.364949
dinov2_vitb14,6,diag_huber_raw,tiger,21,0.96678,0.066053,0.81101
dinov2_vitb14,7,diag_huber_raw,cheetah,3,0.896098,0.784423,0.359795
dinov2_vitb14,7,diag_huber_raw,jaguar,3,0.61511,0.939476,0.124811
dinov2_vitb14,7,diag_huber_raw,leopard,3,0.555892,0.958866,0.112718
dinov2_vitb14,7,diag_huber_raw,lion,3,0.937347,0.400588,0.617776
dinov2_vitb14,7,diag_huber_raw,ocelot,3,0.708616,0.963686,0.174829
dinov2_vitb14,7,diag_huber_raw,puma,3,0.888412,0.790703,0.492651
dinov2_vitb14,7,diag_huber_raw,serval,3,0.86927,0.762877,0.305014
dinov2_vitb14,7,diag_huber_raw,tiger,3,0.965865,0.063736,0.778735
dinov2_vitb14,ALL,diag_huber_raw,cheetah,360,0.912278,0.670157,0.583434
dinov2_vitb14,ALL,diag_huber_raw,jaguar,360,0.75189,0.749944,0.406441
dinov2_vitb14,ALL,diag_huber_raw,leopard,360,0.735217,0.732391,0.42455
dinov2_vitb14,ALL,diag_huber_raw,lion,360,0.951929,0.29306,0.79842
dinov2_vitb14,ALL,diag_huber_raw,ocelot,360,0.777536,0.863055,0.400599
dinov2_vitb14,ALL,diag_huber_raw,puma,360,0.911822,0.596328,0.706529
dinov2_vitb14,ALL,diag_huber_raw,serval,360,0.905188,0.571464,0.571027
dinov2_vitb14,ALL,diag_huber_raw,tiger,360,0.97044,0.086605,0.886808
dinov2_vitl14,2,diag_huber_raw,cheetah,63,0.945142,0.424498,0.803825
dinov2_vitl14,2,diag_huber_raw,jaguar,63,0.845447,0.639656,0.629049
dinov2_vitl14,2,diag_huber_raw,leopard,63,0.860132,0.583942,0.669129
dinov2_vitl14,2,diag_huber_raw,lion,63,0.961943,0.324973,0.882378
dinov2_vitl14,2,diag_huber_raw,ocelot,63,0.858728,0.69881,0.659288
dinov2_vitl14,2,diag_huber_raw,puma,63,0.932408,0.484678,0.853574
dinov2_vitl14,2,diag_huber_raw,serval,63,0.946187,0.386372,0.79046
dinov2_vitl14,2,diag_huber_raw,tiger,63,0.982218,0.038579,0.964322
dinov2_vitl14,3,diag_huber_raw,cheetah,105,0.938345,0.511511,0.702591
dinov2_vitl14,3,diag_huber_raw,jaguar,105,0.801846,0.726813,0.46766
dinov2_vitl14,3,diag_huber_raw,leopard,105,0.815726,0.676073,0.513515
dinov2_vitl14,3,diag_huber_raw,lion,105,0.957,0.360559,0.817023
dinov2_vitl14,3,diag_huber_raw,ocelot,105,0.825119,0.820835,0.496373
dinov2_vitl14,3,diag_huber_raw,puma,105,0.921482,0.564105,0.768062
dinov2_vitl14,3,diag_huber_raw,serval,105,0.934083,0.471723,0.673265
dinov2_vitl14,3,diag_huber_raw,tiger,105,0.979981,0.039844,0.944684
dinov2_vitl14,4,diag_huber_raw,cheetah,105,0.933142,0.570494,0.612584
dinov2_vitl14,4,diag_huber_raw,jaguar,105,0.763737,0.800228,0.345841
dinov2_vitl14,4,diag_huber_raw,leopard,105,0.7738,0.754857,0.387432
dinov2_vitl14,4,diag_huber_raw,lion,105,0.953258,0.364955,0.754633
dinov2_vitl14,4,diag_huber_raw,ocelot,105,0.799433,0.891649,0.378311
dinov2_vitl14,4,diag_huber_raw,puma,105,0.913677,0.623156,0.69188
dinov2_vitl14,4,diag_huber_raw,serval,105,0.923982,0.543295,0.570963
dinov2_vitl14,4,diag_huber_raw,tiger,105,0.978546,0.042036,0.927058
dinov2_vitl14,5,diag_huber_raw,cheetah,63,0.92911,0.609611,0.535818
dinov2_vitl14,5,diag_huber_raw,jaguar,63,0.72964,0.858898,0.255333
dinov2_vitl14,5,diag_huber_raw,leopard,63,0.733613,0.827182,0.286073
dinov2_vitl14,5,diag_huber_raw,lion,63,0.950293,0.352856,0.696326
dinov2_vitl14,5,diag_huber_raw,ocelot,63,0.779551,0.928949,0.297279
dinov2_vitl14,5,diag_huber_raw,puma,63,0.907577,0.66557,0.626282
dinov2_vitl14,5,diag_huber_raw,serval,63,0.914992,0.611683,0.48333
dinov2_vitl14,5,diag_huber_raw,tiger,63,0.977582,0.043267,0.911461
dinov2_vitl14,6,diag_huber_raw,cheetah,21,0.925895,0.624141,0.472131
dinov2_vitl14,6,diag_huber_raw,jaguar,21,0.698692,0.908838,0.18795
dinov2_vitl14,6,diag_huber_raw,leopard,21,0.694678,0.896347,0.203896
dinov2_vitl14,6,diag_huber_raw,lion,21,0.947918,0.331837,0.642657
dinov2_vitl14,6,diag_huber_raw,ocelot,21,0.764027,0.949555,0.241819
dinov2_vitl14,6,diag_huber_raw,puma,21,0.902576,0.69316,0.570693
dinov2_vitl14,6,diag_huber_raw,serval,21,0.906725,0.677012,0.408604
dinov2_vitl14,6,diag_huber_raw,tiger,21,0.976875,0.044564,0.897236
dinov2_vitl14,7,diag_huber_raw,cheetah,3,0.923286,0.618721,0.419694
dinov2_vitl14,7,diag_huber_raw,jaguar,3,0.670518,0.951514,0.137378
dinov2_vitl14,7,diag_huber_raw,leopard,3,0.656732,0.961939,0.135988
dinov2_vitl14,7,diag_huber_raw,lion,3,0.946028,0.314594,0.594006
dinov2_vitl14,7,diag_huber_raw,ocelot,3,0.751916,0.961596,0.202452
dinov2_vitl14,7,diag_huber_raw,puma,3,0.898443,0.71664,0.524287
dinov2_vitl14,7,diag_huber_raw,serval,3,0.898999,0.735598,0.345315
dinov2_vitl14,7,diag_huber_raw,tiger,3,0.976331,0.04669,0.883471
dinov2_vitl14,ALL,diag_huber_raw,cheetah,360,0.935549,0.538118,0.649069
dinov2_vitl14,ALL,diag_huber_raw,jaguar,360,0.778613,0.768579,0.404147
dinov2_vitl14,ALL,diag_huber_raw,leopard,360,0.788513,0.724604,0.442964
dinov2_vitl14,ALL,diag_huber_raw,lion,360,0.954978,0.352207,0.777111
dinov2_vitl14,ALL,diag_huber_raw,ocelot,360,0.811361,0.847736,0.438309
dinov2_vitl14,ALL,diag_huber_raw,puma,360,0.917389,0.593984,0.722451
dinov2_vitl14,ALL,diag_huber_raw,serval,360,0.928026,0.516329,0.612526
dinov2_vitl14,ALL,diag_huber_raw,tiger,360,0.979322,0.041193,0.933888
ALL,2,diag_raw,cheetah,126,0.934621,0.493136,0.776393
ALL,2,diag_raw,jaguar,126,0.839077,0.632617,0.632957
ALL,2,diag_raw,leopard,126,0.846272,0.589239,0.664611
ALL,2,diag_raw,lion,126,0.960692,0.297898,0.886277
ALL,2,diag_raw,ocelot,126,0.846755,0.713401,0.64264
ALL,2,diag_raw,puma,126,0.930322,0.483649,0.847334
ALL,2,diag_raw,serval,126,0.93728,0.421428,0.773233
ALL,2,diag_raw,tiger,126,0.977571,0.073538,0.951131
ALL,3,diag_raw,cheetah,210,0.926022,0.588441,0.664088
ALL,3,diag_raw,jaguar,210,0.791144,0.721155,0.468415
ALL,3,diag_raw,leopard,210,0.794047,0.685103,0.502895
ALL,3,diag_raw,lion,210,0.955374,0.324816,0.823218
ALL,3,diag_raw,ocelot,210,0.809314,0.830426,0.476127
ALL,3,diag_raw,puma,210,0.918857,0.56877,0.759577
ALL,3,diag_raw,serval,210,0.923336,0.503628,0.650268
ALL,3,diag_raw,tiger,210,0.975053,0.070197,0.923376
ALL,4,diag_raw,cheetah,210,0.919762,0.653029,0.569182
ALL,4,diag_raw,jaguar,210,0.748764,0.792915,0.34368
ALL,4,diag_raw,leopard,210,0.744926,0.763499,0.373501
ALL,4,diag_raw,lion,210,0.951024,0.34248,0.762173
ALL,4,diag_raw,ocelot,210,0.780758,0.900245,0.357412
ALL,4,diag_raw,puma,210,0.910446,0.631637,0.68169
ALL,4,diag_raw,serval,210,0.911879,0.572063,0.546449
ALL,4,diag_raw,tiger,210,0.97335,0.064267,0.897178
ALL,5,diag_raw,cheetah,126,0.915074,0.697175,0.492957
ALL,5,diag_raw,jaguar,126,0.710433,0.852122,0.251231
ALL,5,diag_raw,leopard,126,0.697842,0.834023,0.271415
ALL,5,diag_raw,lion,126,0.947267,0.354175,0.704127
ALL,5,diag_raw,ocelot,126,0.758929,0.935964,0.27749
ALL,5,diag_raw,puma,126,0.903707,0.683244,0.614339
ALL,5,diag_raw,serval,126,0.901795,0.635742,0.459065
ALL,5,diag_raw,tiger,126,0.972129,0.059375,0.872421
ALL,6,diag_raw,cheetah,42,0.911407,0.719981,0.432978
ALL,6,diag_raw,jaguar,42,0.675314,0.902403,0.182559
ALL,6,diag_raw,leopard,42,0.65219,0.899133,0.190155
ALL,6,diag_raw,lion,42,0.94393,0.359041,0.6496
ALL,6,diag_raw,ocelot,42,0.742376,0.953459,0.224567
ALL,6,diag_raw,puma,42,0.89808,0.725483,0.556593
ALL,6,diag_raw,serval,42,0.892675,0.695949,0.385687
ALL,6,diag_raw,tiger,42,0.9712,0.056183,0.848563
ALL,7,diag_raw,cheetah,6,0.908421,0.726019,0.385079
ALL,7,diag_raw,jaguar,6,0.643038,0.945311,0.131203
ALL,7,diag_raw,leopard,6,0.607674,0.959951,0.124762
ALL,7,diag_raw,lion,6,0.940922,0.365408,0.598866
ALL,7,diag_raw,ocelot,6,0.730074,0.962641,0.188532
ALL,7,diag_raw,puma,6,0.893336,0.763566,0.507368
ALL,7,diag_raw,serval,6,0.884331,0.749789,0.324482
ALL,7,diag_raw,tiger,6,0.970478,0.055574,0.824987
ALL,ALL,diag_raw,cheetah,720,0.922786,0.618449,0.610306
ALL,ALL,diag_raw,jaguar,720,0.765056,0.761951,0.403337
ALL,ALL,diag_raw,leopard,720,0.762195,0.732029,0.431552
ALL,ALL,diag_raw,lion,720,0.952829,0.33273,0.78361
ALL,ALL,diag_raw,ocelot,720,0.794155,0.857059,0.418809
ALL,ALL,diag_raw,puma,720,0.914334,0.603008,0.712858
ALL,ALL,diag_raw,serval,720,0.916551,0.545593,0.589897
ALL,ALL,diag_raw,tiger,720,0.974222,0.066219,0.906491
dinov2_vitb14,2,diag_raw,cheetah,63,0.92497,0.554547,0.7541
dinov2_vitb14,2,diag_raw,jaguar,63,0.833157,0.618297,0.639071
dinov2_vitb14,2,diag_raw,leopard,63,0.832617,0.587258,0.662731
dinov2_vitb14,2,diag_raw,lion,63,0.959848,0.266051,0.891785
dinov2_vitb14,2,diag_raw,ocelot,63,0.835404,0.724726,0.627299
dinov2_vitb14,2,diag_raw,puma,63,0.928675,0.47955,0.842976
dinov2_vitb14,2,diag_raw,serval,63,0.928609,0.45407,0.758378
dinov2_vitb14,2,diag_raw,tiger,63,0.973464,0.107919,0.939751
dinov2_vitb14,3,diag_raw,cheetah,105,0.914803,0.654031,0.632963
dinov2_vitb14,3,diag_raw,jaguar,105,0.780721,0.712003,0.47123
dinov2_vitb14,3,diag_raw,leopard,105,0.772243,0.68991,0.494545
dinov2_vitb14,3,diag_raw,lion,105,0.954304,0.276825,0.832116
dinov2_vitb14,3,diag_raw,ocelot,105,0.794249,0.837211,0.457252
dinov2_vitb14,3,diag_raw,puma,105,0.916583,0.566594,0.75288
dinov2_vitb14,3,diag_raw,serval,105,0.912711,0.532483,0.629703
dinov2_vitb14,3,diag_raw,tiger,105,0.970642,0.100389,0.904696
dinov2_vitb14,4,diag_raw,cheetah,105,0.907625,0.720012,0.533787
dinov2_vitb14,4,diag_raw,jaguar,105,0.733888,0.783694,0.342945
dinov2_vitb14,4,diag_raw,leopard,105,0.715607,0.769553,0.361098
dinov2_vitb14,4,diag_raw,lion,105,0.949469,0.303098,0.773507
dinov2_vitb14,4,diag_raw,ocelot,105,0.762892,0.906225,0.337727
dinov2_vitb14,4,diag_raw,puma,105,0.907511,0.632108,0.673114
dinov2_vitb14,4,diag_raw,serval,105,0.899758,0.599069,0.524037
dinov2_vitb14,4,diag_raw,tiger,105,0.968641,0.086529,0.870554
dinov2_vitb14,5,diag_raw,cheetah,63,0.902371,0.764861,0.457669
dinov2_vitb14,5,diag_raw,jaguar,63,0.691159,0.844679,0.247876
dinov2_vitb14,5,diag_raw,leopard,63,0.66132,0.83975,0.257503
dinov2_vitb14,5,diag_raw,lion,63,0.945028,0.336977,0.716724
dinov2_vitb14,5,diag_raw,ocelot,63,0.73914,0.941096,0.258677
dinov2_vitb14,5,diag_raw,puma,63,0.900092,0.691042,0.603856
dinov2_vitb14,5,diag_raw,serval,63,0.888418,0.659161,0.436281
dinov2_vitb14,5,diag_raw,tiger,63,0.967135,0.075448,0.837077
dinov2_vitb14,6,diag_raw,cheetah,21,0.898312,0.789144,0.400497
dinov2_vitb14,6,diag_raw,jaguar,21,0.651732,0.895963,0.177376
dinov2_vitb14,6,diag_raw,leopard,21,0.608655,0.901325,0.176451
dinov2_vitb14,6,diag_raw,lion,21,0.940827,0.368998,0.662206
dinov2_vitb14,6,diag_raw,ocelot,21,0.721554,0.956626,0.208012
dinov2_vitb14,6,diag_raw,puma,21,0.893799,0.744239,0.543855
dinov2_vitb14,6,diag_raw,serval,21,0.878267,0.7159,0.363448
dinov2_vitb14,6,diag_raw,tiger,21,0.965956,0.067648,0.803871
dinov2_vitb14,7,diag_raw,cheetah,3,0.894988,0.802177,0.356075
dinov2_vitb14,7,diag_raw,jaguar,3,0.615245,0.939101,0.124857
dinov2_vitb14,7,diag_raw,leopard,3,0.557292,0.958686,0.112967
dinov2_vitb14,7,diag_raw,lion,3,0.936792,0.405377,0.610158
dinov2_vitb14,7,diag_raw,ocelot,3,0.709047,0.963684,0.175068
dinov2_vitb14,7,diag_raw,puma,3,0.888396,0.799561,0.491729
dinov2_vitb14,7,diag_raw,serval,3,0.869113,0.765968,0.303446
dinov2_vitb14,7,diag_raw,tiger,3,0.965028,0.064697,0.770638
dinov2_vitb14,ALL,diag_raw,cheetah,360,0.911186,0.684377,0.578691
dinov2_vitb14,ALL,diag_raw,jaguar,360,0.751661,0.752356,0.404071
dinov2_vitb14,ALL,diag_raw,leopard,360,0.735544,0.735969,0.421838
dinov2_vitb14,ALL,diag_raw,lion,360,0.951308,0.299577,0.793509
dinov2_vitb14,ALL,diag_raw,ocelot,360,0.777711,0.863855,0.400508
dinov2_vitb14,ALL,diag_raw,puma,360,0.911604,0.604552,0.704933
dinov2_vitb14,ALL,diag_raw,serval,360,0.905091,0.572995,0.569303
dinov2_vitb14,ALL,diag_raw,tiger,360,0.969618,0.091092,0.882041
dinov2_vitl14,2,diag_raw,cheetah,63,0.944272,0.431725,0.798687
dinov2_vitl14,2,diag_raw,jaguar,63,0.844996,0.646937,0.626843
dinov2_vitl14,2,diag_raw,leopard,63,0.859927,0.59122,0.666491
dinov2_vitl14,2,diag_raw,lion,63,0.961536,0.329745,0.880769
dinov2_vitl14,2,diag_raw,ocelot,63,0.858106,0.702076,0.657982
dinov2_vitl14,2,diag_raw,puma,63,0.931969,0.487748,0.851692
dinov2_vitl14,2,diag_raw,serval,63,0.945952,0.388786,0.788088
dinov2_vitl14,2,diag_raw,tiger,63,0.981679,0.039157,0.962511
dinov2_vitl14,3,diag_raw,cheetah,105,0.937241,0.52285,0.695213
dinov2_vitl14,3,diag_raw,jaguar,105,0.801566,0.730306,0.4656
dinov2_vitl14,3,diag_raw,leopard,105,0.81585,0.680295,0.511246
dinov2_vitl14,3,diag_raw,lion,105,0.956444,0.372807,0.814321
dinov2_vitl14,3,diag_raw,ocelot,105,0.824379,0.823641,0.495002
dinov2_vitl14,3,diag_raw,puma,105,0.921131,0.570946,0.766274
dinov2_vitl14,3,diag_raw,serval,105,0.933961,0.474773,0.670832
dinov2_vitl14,3,diag_raw,tiger,105,0.979464,0.040005,0.942057
dinov2_vitl14,4,diag_raw,cheetah,105,0.931898,0.586046,0.604576
dinov2_vitl14,4,diag_raw,jaguar,105,0.76364,0.802136,0.344416
dinov2_vitl14,4,diag_raw,leopard,105,0.774244,0.757444,0.385904
dinov2_vitl14,4,diag_raw,lion,105,0.95258,0.381861,0.750838
dinov2_vitl14,4,diag_raw,ocelot,105,0.798623,0.894265,0.377098
dinov2_vitl14,4,diag_raw,puma,105,0.913381,0.631166,0.690267
dinov2_vitl14,4,diag_raw,serval,105,0.924,0.545057,0.568862
dinov2_vitl14,4,diag_raw,tiger,105,0.978058,0.042005,0.923803
dinov2_vitl14,5,diag_raw,cheetah,63,0.927777,0.629489,0.528246
dinov2_vitl14,5,diag_raw,jaguar,63,0.729706,0.859565,0.254586
dinov2_vitl14,5,diag_raw,leopard,63,0.734364,0.828296,0.285326
dinov2_vitl14,5,diag_raw,lion,63,0.949506,0.371374,0.691529
dinov2_vitl14,5,diag_raw,ocelot,63,0.778718,0.930833,0.296303
dinov2_vitl14,5,diag_raw,puma,63,0.907322,0.675445,0.624821
dinov2_vitl14,5,diag_raw,serval,63,0.915172,0.612324,0.481849
dinov2_vitl14,5,diag_raw,tiger,63,0.977123,0.043302,0.907764
dinov2_vitl14,6,diag_raw,cheetah,21,0.924503,0.650818,0.46546
dinov2_vitl14,6,diag_raw,jaguar,21,0.698896,0.908842,0.187742
dinov2_vitl14,6,diag_raw,leopard,21,0.695724,0.896942,0.203859
dinov2_vitl14,6,diag_raw,lion,21,0.947033,0.349085,0.636993
dinov2_vitl14,6,diag_raw,ocelot,21,0.763198,0.950292,0.241122
dinov2_vitl14,6,diag_raw,puma,21,0.902361,0.706726,0.56933
dinov2_vitl14,6,diag_raw,serval,21,0.907084,0.675998,0.407926
dinov2_vitl14,6,diag_raw,tiger,21,0.976444,0.044718,0.893256
dinov2_vitl14,7,diag_raw,cheetah,3,0.921853,0.649862,0.414084
dinov2_vitl14,7,diag_raw,jaguar,3,0.670831,0.951521,0.137549
dinov2_vitl14,7,diag_raw,leopard,3,0.658056,0.961217,0.136558
dinov2_vitl14,7,diag_raw,lion,3,0.945052,0.325438,0.587573
dinov2_vitl14,7,diag_raw,ocelot,3,0.7511,0.961597,0.201996
dinov2_vitl14,7,diag_raw,puma,3,0.898276,0.72757,0.523007
dinov2_vitl14,7,diag_raw,serval,3,0.899549,0.73361,0.345518
dinov2_vitl14,7,diag_raw,tiger,3,0.975929,0.04645,0.879337
dinov2_vitl14,ALL,diag_raw,cheetah,360,0.934386,0.55252,0.641921
dinov2_vitl14,ALL,diag_raw,jaguar,360,0.778451,0.771545,0.402602
dinov2_vitl14,ALL,diag_raw,leopard,360,0.788846,0.728088,0.441266
dinov2_vitl14,ALL,diag_raw,lion,360,0.95435,0.365883,0.773711
dinov2_vitl14,ALL,diag_raw,ocelot,360,0.810599,0.850262,0.437111
dinov2_vitl14,ALL,diag_raw,puma,360,0.917065,0.601464,0.720784
dinov2_vitl14,ALL,diag_raw,serval,360,0.928012,0.518191,0.610491
dinov2_vitl14,ALL,diag_raw,tiger,360,0.978826,0.041345,0.930942
