method_a,method_b,metric,n,mean_diff,ci_low,ci_high,good_rate,id_size,bonferroni_alpha,bonferroni_significant
diag_huber_raw,knn,AUROC,168,0.004259,0.002181,0.006337,0.738095,2,0.002777777777777778,True
diag_huber_raw,knn,AUROC,336,0.005449,0.003735,0.007163,0.729167,3,0.002777777777777778,True
diag_huber_raw,knn,AUROC,420,0.005894,0.004214,0.007575,0.688095,4,0.002777777777777778,True
diag_huber_raw,knn,AUROC,336,0.00588,0.003799,0.007961,0.684524,5,0.002777777777777778,True
diag_huber_raw,knn,AUROC,168,0.005642,0.002123,0.00916,0.684524,6,0.002777777777777778,True
diag_huber_raw,knn,AUROC,48,0.005328,-0.00448,0.015136,0.625,7,0.002777777777777778,False
diag_huber_raw,knn,FPR95,168,0.031916,0.021757,0.042075,0.779762,2,0.002777777777777778,True
diag_huber_raw,knn,FPR95,336,0.0368,0.027098,0.046501,0.717262,3,0.002777777777777778,True
diag_huber_raw,knn,FPR95,420,0.042287,0.03313,0.051444,0.72381,4,0.002777777777777778,True
diag_huber_raw,knn,FPR95,336,0.044867,0.03391,0.055824,0.714286,5,0.002777777777777778,True
diag_huber_raw,knn,FPR95,168,0.049943,0.029841,0.070045,0.696429,6,0.002777777777777778,True
diag_huber_raw,knn,FPR95,48,0.049815,-0.00344,0.103069,0.666667,7,0.002777777777777778,False
diag_huber_raw,knn,AUPR_OUT,168,0.003022,0.001954,0.004089,0.767857,2,0.002777777777777778,True
diag_huber_raw,knn,AUPR_OUT,336,0.007227,0.005429,0.009025,0.755952,3,0.002777777777777778,True
diag_huber_raw,knn,AUPR_OUT,420,0.012013,0.009318,0.014707,0.714286,4,0.002777777777777778,True
diag_huber_raw,knn,AUPR_OUT,336,0.016245,0.012091,0.020399,0.696429,5,0.002777777777777778,True
diag_huber_raw,knn,AUPR_OUT,168,0.017805,0.010551,0.025059,0.666667,6,0.002777777777777778,True
diag_huber_raw,knn,AUPR_OUT,48,0.015206,-0.000337,0.030748,0.5625,7,0.002777777777777778,False
diag_huber_raw,psm,AUROC,168,0.015446,0.011572,0.019321,0.767857,2,0.002777777777777778,True
diag_huber_raw,psm,AUROC,336,0.024704,0.021248,0.028161,0.869048,3,0.002777777777777778,True
diag_huber_raw,psm,AUROC,420,0.031623,0.028187,0.035058,0.935714,4,0.002777777777777778,True
diag_huber_raw,psm,AUROC,336,0.036853,0.032529,0.041176,0.985119,5,0.002777777777777778,True
diag_huber_raw,psm,AUROC,168,0.041032,0.033794,0.048269,0.97619,6,0.002777777777777778,True
diag_huber_raw,psm,AUROC,48,0.045058,0.02558,0.064537,0.895833,7,0.002777777777777778,True
diag_huber_raw,psm,FPR95,168,0.109594,0.085717,0.133472,0.857143,2,0.002777777777777778,True
diag_huber_raw,psm,FPR95,336,0.146316,0.130417,0.162215,0.973214,3,0.002777777777777778,True
diag_huber_raw,psm,FPR95,420,0.166107,0.151353,0.180862,0.990476,4,0.002777777777777778,True
diag_huber_raw,psm,FPR95,336,0.172456,0.154314,0.190598,0.997024,5,0.002777777777777778,True
diag_huber_raw,psm,FPR95,168,0.172588,0.138475,0.206701,0.928571,6,0.002777777777777778,True
diag_huber_raw,psm,FPR95,48,0.158744,0.062066,0.255423,0.708333,7,0.002777777777777778,True
diag_huber_raw,psm,AUPR_OUT,168,0.011408,0.008844,0.013972,0.869048,2,0.002777777777777778,True
diag_huber_raw,psm,AUPR_OUT,336,0.030305,0.026455,0.034154,0.955357,3,0.002777777777777778,True
diag_huber_raw,psm,AUPR_OUT,420,0.054392,0.049081,0.059703,1.0,4,0.002777777777777778,True
diag_huber_raw,psm,AUPR_OUT,336,0.077637,0.06994,0.085334,1.0,5,0.002777777777777778,True
diag_huber_raw,psm,AUPR_OUT,168,0.090672,0.077151,0.104194,1.0,6,0.002777777777777778,True
diag_huber_raw,psm,AUPR_OUT,48,0.083703,0.048015,0.119391,0.916667,7,0.002777777777777778,True
diag_huber_raw,diag_raw,AUROC,168,0.000476,0.000405,0.000546,0.964286,2,0.002777777777777778,True
diag_huber_raw,diag_raw,AUROC,336,0.000429,0.000384,0.000475,0.946429,3,0.002777777777777778,True
diag_huber_raw,diag_raw,AUROC,420,0.000376,0.000332,0.00042,0.921429,4,0.002777777777777778,True
diag_huber_raw,diag_raw,AUROC,336,0.000315,0.000256,0.000373,0.821429,5,0.002777777777777778,True
diag_huber_raw,diag_raw,AUROC,168,0.000243,0.000132,0.000355,0.732143,6,0.002777777777777778,True
diag_huber_raw,diag_raw,AUROC,48,0.000145,-0.000222,0.000511,0.604167,7,0.002777777777777778,False
diag_huber_raw,diag_raw,FPR95,168,0.005464,0.003817,0.00711,0.815476,2,0.002777777777777778,True
diag_huber_raw,diag_raw,FPR95,336,0.005733,0.004782,0.006684,0.910714,3,0.002777777777777778,True
diag_huber_raw,diag_raw,FPR95,420,0.005669,0.00488,0.006459,0.919048,4,0.002777777777777778,True
diag_huber_raw,diag_raw,FPR95,336,0.005949,0.004968,0.00693,0.904762,5,0.002777777777777778,True
diag_huber_raw,diag_raw,FPR95,168,0.006146,0.004342,0.00795,0.833333,6,0.002777777777777778,True
diag_huber_raw,diag_raw,FPR95,48,0.005304,0.001171,0.009438,0.583333,7,0.002777777777777778,True
diag_huber_raw,diag_raw,AUPR_OUT,168,0.00069,0.000543,0.000837,0.994048,2,0.002777777777777778,True
diag_huber_raw,diag_raw,AUPR_OUT,336,0.00123,0.001094,0.001365,1.0,3,0.002777777777777778,True
diag_huber_raw,diag_raw,AUPR_OUT,420,0.001811,0.001662,0.00196,1.0,4,0.002777777777777778,True
diag_huber_raw,diag_raw,AUPR_OUT,336,0.002323,0.002112,0.002535,0.985119,5,0.002777777777777778,True
diag_huber_raw,diag_raw,AUPR_OUT,168,0.002568,0.00212,0.003015,0.934524,6,0.002777777777777778,True
diag_huber_raw,diag_raw,AUPR_OUT,48,0.002398,0.001009,0.003787,0.645833,7,0.002777777777777778,True
