backbone,id_size,method,implementation_version,n,AUROC,FPR95,AUPR_OUT
ALL,2,rsn_reported,verified_v1,168,0.9168620052138792,0.43069809194395847,0.9590279065945984
ALL,2,knn,verified_v1,168,0.9126030065288411,0.46261451622754945,0.9560062174477315
ALL,2,rsn_paper,verified_v1,168,0.9085721771292671,0.4522067608840173,0.9561271295067959
ALL,2,vim,verified_v1,168,0.9041273223810558,0.5436162564150183,0.9482070988683331
ALL,2,mahalanobis,verified_v1,168,0.9009974163474995,0.5473865230716263,0.9470272781739913
ALL,2,mahalanobispp,verified_v1,168,0.898686406890179,0.5617725332262138,0.9453229390611271
ALL,2,dice,verified_v1,168,0.8792125584669298,0.7229891994992522,0.9292222149288373
ALL,2,entropy,verified_v1,168,0.8440011448761908,0.5292348305671526,0.9356518317816438
ALL,2,gen,verified_v1,168,0.8440011448761908,0.5292348305671526,0.9356518317816438
ALL,2,msp,verified_v1,168,0.8440011448761908,0.5292348305671526,0.9356518317816438
ALL,2,openmax,verified_v1,168,0.8439873354209355,0.5292581481205734,0.935609005153833
ALL,2,maxlogit,verified_v1,168,0.8439839802955689,0.5292862707903554,0.935645347184523
ALL,2,energy,verified_v1,168,0.8439467728948283,0.5293337906593869,0.9356086155425771
ALL,2,gradnorm,verified_v1,168,0.8429536136202982,0.5325530396417034,0.9350450486841828
ALL,2,scale,verified_v1,168,0.8342632278305923,0.5424615909800681,0.9320258539589785
ALL,2,rmd,verified_v1,168,0.831433243862819,0.5693747946465557,0.928720675953334
ALL,2,kl_matching,verified_v1,168,0.7995901255240002,0.5498432777742112,0.9201247012033239
ALL,2,nci,verified_v1,168,0.7988916255573348,0.6648399997247123,0.9042811239546137
ALL,2,react,verified_v1,168,0.6005857500837506,0.8949193946373694,0.7887680754304511
ALL,2,ashb,verified_v1,168,0.49574942646662945,0.9309592201711846,0.7523880658887933
ALL,2,ashp,verified_v1,168,0.4934095615956993,0.9533726417152227,0.738059758565148
ALL,2,ashs,verified_v1,168,0.48789613031034323,0.9482636296910029,0.7395016828408081
dinov2_vitb14,2,rsn_reported,verified_v1,84,0.9106951627963144,0.43844057018754024,0.9569486045334366
dinov2_vitb14,2,rsn_paper,verified_v1,84,0.9065611597027299,0.45036714875633227,0.9558006397327378
dinov2_vitb14,2,knn,verified_v1,84,0.9055206549297917,0.48545918857278647,0.9519650101093898
dinov2_vitb14,2,vim,verified_v1,84,0.8905012581305242,0.591445974920981,0.9405970555082852
dinov2_vitb14,2,mahalanobis,verified_v1,84,0.8880872694634615,0.5934675908295632,0.9396276949083981
dinov2_vitb14,2,mahalanobispp,verified_v1,84,0.8850511082081598,0.6134898622345203,0.9371890709155631
dinov2_vitb14,2,dice,verified_v1,84,0.859779155313524,0.7710641229371753,0.9201370374865476
dinov2_vitb14,2,energy,verified_v1,84,0.8455427969232853,0.5518819158009066,0.9344147607887268
dinov2_vitb14,2,maxlogit,verified_v1,84,0.8455375385834932,0.5519329228668367,0.9343464520601524
dinov2_vitb14,2,entropy,verified_v1,84,0.84553723914204,0.5519410915286922,0.9343437341030513
dinov2_vitb14,2,gen,verified_v1,84,0.84553723914204,0.5519410915286922,0.9343437341030513
dinov2_vitb14,2,msp,verified_v1,84,0.84553723914204,0.5519410915286922,0.9343437341030513
dinov2_vitb14,2,openmax,verified_v1,84,0.8455279672877322,0.551934292651651,0.9342935063179352
dinov2_vitb14,2,gradnorm,verified_v1,84,0.844802049626312,0.5576292498902953,0.9335684787847983
dinov2_vitb14,2,scale,verified_v1,84,0.8306292712186011,0.5623585031502584,0.9297328596375023
dinov2_vitb14,2,rmd,verified_v1,84,0.800373216799429,0.5670273843728159,0.9197142438342825
dinov2_vitb14,2,kl_matching,verified_v1,84,0.7888986457939996,0.5740651366409361,0.9147539694005703
dinov2_vitb14,2,nci,verified_v1,84,0.7818375587951104,0.7408380428350284,0.8905692493246931
dinov2_vitb14,2,react,verified_v1,84,0.6014904069987603,0.9113336674951152,0.7855040141759349
dinov2_vitb14,2,ashp,verified_v1,84,0.4873094783682594,0.9535969274280327,0.7326353515452573
dinov2_vitb14,2,ashb,verified_v1,84,0.47482216567139707,0.9361410544116007,0.7410040773172618
dinov2_vitb14,2,ashs,verified_v1,84,0.46634234427612564,0.9579598212585158,0.7250988842123672
dinov2_vitl14,2,rsn_reported,verified_v1,84,0.923028847631444,0.42295561370037665,0.9611072086557603
dinov2_vitl14,2,knn,verified_v1,84,0.9196853581278904,0.4397698438823126,0.9600474247860731
dinov2_vitl14,2,vim,verified_v1,84,0.9177533866315873,0.4957865379090557,0.9558171422283812
dinov2_vitl14,2,mahalanobis,verified_v1,84,0.9139075632315377,0.5013054553136894,0.9544268614395842
dinov2_vitl14,2,mahalanobispp,verified_v1,84,0.9123217055721982,0.5100552042179072,0.9534568072066911
dinov2_vitl14,2,rsn_paper,verified_v1,84,0.9105831945558043,0.4540463730117024,0.9564536192808542
dinov2_vitl14,2,dice,verified_v1,84,0.8986459616203355,0.674914276061329,0.9383073923711271
dinov2_vitl14,2,rmd,verified_v1,84,0.8624932709262092,0.5717222049202955,0.9377271080723856
dinov2_vitl14,2,entropy,verified_v1,84,0.8424650506103416,0.5065285696056131,0.9369599294602363
dinov2_vitl14,2,gen,verified_v1,84,0.8424650506103416,0.5065285696056131,0.9369599294602363
dinov2_vitl14,2,msp,verified_v1,84,0.8424650506103416,0.5065285696056131,0.9369599294602363
dinov2_vitl14,2,openmax,verified_v1,84,0.8424467035541389,0.5065820035894959,0.9369245039897307
dinov2_vitl14,2,maxlogit,verified_v1,84,0.8424304220076444,0.5066396187138741,0.9369442423088934
dinov2_vitl14,2,energy,verified_v1,84,0.8423507488663714,0.5067856655178672,0.9368024702964275
dinov2_vitl14,2,gradnorm,verified_v1,84,0.8411051776142845,0.5074768293931117,0.9365216185835672
dinov2_vitl14,2,scale,verified_v1,84,0.8378971844425835,0.5225646788098776,0.934318848280455
dinov2_vitl14,2,nci,verified_v1,84,0.8159456923195594,0.5888419566143964,0.9179929985845344
dinov2_vitl14,2,kl_matching,verified_v1,84,0.8102816052540008,0.5256214189074861,0.9254954330060773
dinov2_vitl14,2,react,verified_v1,84,0.5996810931687409,0.8785051217796233,0.7920321366849676
dinov2_vitl14,2,ashb,verified_v1,84,0.5166766872618619,0.9257773859307686,0.7637720544603248
dinov2_vitl14,2,ashs,verified_v1,84,0.5094499163445608,0.9385674381234898,0.753904481469249
dinov2_vitl14,2,ashp,verified_v1,84,0.49950964482313925,0.9531483560024128,0.7434841655850389
ALL,3,rsn_reported,verified_v1,336,0.8964875262298752,0.5004616655469656,0.912541665820769
ALL,3,knn,verified_v1,336,0.8910386512603177,0.5372612362818989,0.9053150138100977
ALL,3,rsn_paper,verified_v1,336,0.8848796505581065,0.5457589377425667,0.903763865222796
ALL,3,vim,verified_v1,336,0.8757656539859172,0.6569522147306548,0.8832544150594677
ALL,3,openmax,verified_v1,336,0.8738058970860059,0.5749811136082011,0.9026712037931617
ALL,3,mahalanobis,verified_v1,336,0.8720667443965279,0.6535772258755924,0.8815735465127338
ALL,3,msp,verified_v1,336,0.8717044981815251,0.5652157062671945,0.9026162075178041
ALL,3,gradnorm,verified_v1,336,0.8705944432181075,0.5595166719278359,0.9024906633757643
ALL,3,maxlogit,verified_v1,336,0.8704923698330179,0.5619743359141911,0.9024418209743743
ALL,3,mahalanobispp,verified_v1,336,0.869292730793648,0.6660859974610861,0.8784772610171007
ALL,3,entropy,verified_v1,336,0.8685728026904245,0.550598790184271,0.9025068277384194
ALL,3,gen,verified_v1,336,0.8678544088513579,0.550304271870569,0.9022267813258609
ALL,3,energy,verified_v1,336,0.8659752522221961,0.5492878311441702,0.9014690116328865
ALL,3,scale,verified_v1,336,0.8578826672962759,0.5577277113637763,0.8963362410313147
ALL,3,rmd,verified_v1,336,0.8477294077659362,0.5537909180595959,0.8931456188489804
ALL,3,dice,verified_v1,336,0.8430174706337588,0.7888591240282937,0.8541371526298539
ALL,3,kl_matching,verified_v1,336,0.8335409412470179,0.5809301398101168,0.8832600596173182
ALL,3,nci,verified_v1,336,0.8292659447155769,0.6795981158467105,0.85878857541801
ALL,3,react,verified_v1,336,0.6442847328216604,0.8719245284288588,0.7150807488511621
ALL,3,ashb,verified_v1,336,0.5058711005279212,0.9348588720944496,0.6342207710794433
ALL,3,ashp,verified_v1,336,0.5033893564639357,0.9566953783079827,0.6182353037410255
ALL,3,ashs,verified_v1,336,0.502205711299631,0.9484846184881504,0.623573851376708
dinov2_vitb14,3,rsn_reported,verified_v1,168,0.8879659084898004,0.5078847447170113,0.9076287556170313
dinov2_vitb14,3,rsn_paper,verified_v1,168,0.8815431194939507,0.5469700769108305,0.902201083748225
dinov2_vitb14,3,knn,verified_v1,168,0.8809970821144815,0.5557492571636986,0.8964461869633247
dinov2_vitb14,3,openmax,verified_v1,168,0.8731938408605638,0.5861794895722279,0.9009016675404714
dinov2_vitb14,3,msp,verified_v1,168,0.8716165856302159,0.5747527407294019,0.9011369002021578
dinov2_vitb14,3,maxlogit,verified_v1,168,0.87048754872086,0.5707295426796977,0.9010009318679263
dinov2_vitb14,3,gradnorm,verified_v1,168,0.8700946934635613,0.571894241971459,0.9002285178451712
dinov2_vitb14,3,entropy,verified_v1,168,0.8683841180209184,0.5584061755342419,0.9009570850657254
dinov2_vitb14,3,gen,verified_v1,168,0.86764902686503,0.55816643338305,0.9006569608140849
dinov2_vitb14,3,energy,verified_v1,168,0.8657756124553059,0.557755614052225,0.8998642372558537
dinov2_vitb14,3,scale,verified_v1,168,0.8573823436924555,0.5629196266189587,0.8953256034194533
dinov2_vitb14,3,vim,verified_v1,168,0.8568666798364726,0.7141174354466047,0.8654267057904723
dinov2_vitb14,3,mahalanobis,verified_v1,168,0.8539625687913072,0.7088725461882814,0.8640862977961385
dinov2_vitb14,3,mahalanobispp,verified_v1,168,0.8502429023675101,0.7265566501414674,0.8595581121101978
dinov2_vitb14,3,rmd,verified_v1,168,0.8423076887872383,0.5497593364713442,0.8928037593170948
dinov2_vitb14,3,kl_matching,verified_v1,168,0.8306030623349495,0.5941127571189415,0.8803266341716052
dinov2_vitb14,3,dice,verified_v1,168,0.8161203463244346,0.8274991902417028,0.8353479001934536
dinov2_vitb14,3,nci,verified_v1,168,0.8146327461143587,0.7588589897434295,0.8389806071069097
dinov2_vitb14,3,react,verified_v1,168,0.6738591347449612,0.8478534341930878,0.7399893831823608
dinov2_vitb14,3,ashp,verified_v1,168,0.5106096896280627,0.9593665179990198,0.6184474866883141
dinov2_vitb14,3,ashs,verified_v1,168,0.5059946482205999,0.951981430035522,0.6220820979129764
dinov2_vitb14,3,ashb,verified_v1,168,0.5020356666156613,0.9348659345216087,0.6323855950519081
dinov2_vitl14,3,rsn_reported,verified_v1,168,0.9050091439699499,0.4930385863769199,0.9174545760245065
dinov2_vitl14,3,knn,verified_v1,168,0.9010802204061538,0.5187732154000991,0.9141838406568707
dinov2_vitl14,3,vim,verified_v1,168,0.894664628135362,0.5997869940147047,0.901082124328463
dinov2_vitl14,3,mahalanobis,verified_v1,168,0.8901709200017488,0.5982819055629033,0.8990607952293288
dinov2_vitl14,3,mahalanobispp,verified_v1,168,0.888342559219786,0.6056153447807049,0.8973964099240034
dinov2_vitl14,3,rsn_paper,verified_v1,168,0.8882161816222623,0.5445477985743028,0.9053266466973668
dinov2_vitl14,3,openmax,verified_v1,168,0.8744179533114479,0.5637827376441743,0.9044407400458518
dinov2_vitl14,3,msp,verified_v1,168,0.8717924107328343,0.5556786718049872,0.9040955148334504
dinov2_vitl14,3,gradnorm,verified_v1,168,0.8710941929726536,0.5471391018842129,0.9047528089063573
dinov2_vitl14,3,maxlogit,verified_v1,168,0.8704971909451757,0.5532191291486845,0.9038827100808223
dinov2_vitl14,3,dice,verified_v1,168,0.8699145949430829,0.7502190578148847,0.8729264050662541
dinov2_vitl14,3,entropy,verified_v1,168,0.8687614873599303,0.5427914048343001,0.9040565704111135
dinov2_vitl14,3,gen,verified_v1,168,0.8680597908376856,0.5424421103580879,0.903796601837637
dinov2_vitl14,3,energy,verified_v1,168,0.8661748919890864,0.5408200482361154,0.9030737860099192
dinov2_vitl14,3,scale,verified_v1,168,0.8583829909000963,0.5525357961085938,0.8973468786431761
dinov2_vitl14,3,rmd,verified_v1,168,0.8531511267446341,0.5578224996478477,0.8934874783808662
dinov2_vitl14,3,nci,verified_v1,168,0.8438991433167948,0.6003372419499914,0.8785965437291102
dinov2_vitl14,3,kl_matching,verified_v1,168,0.8364788201590864,0.5677475225012919,0.8861934850630311
dinov2_vitl14,3,react,verified_v1,168,0.6147103308983597,0.89599562266463,0.6901721145199635
dinov2_vitl14,3,ashb,verified_v1,168,0.509706534440181,0.9348518096672904,0.6360559471069787
dinov2_vitl14,3,ashs,verified_v1,168,0.4984167743786619,0.9449878069407787,0.6250656048404396
dinov2_vitl14,3,ashp,verified_v1,168,0.49616902329980855,0.9540242386169459,0.618023120793737
ALL,4,rsn_reported,verified_v1,420,0.878811541048293,0.5528047459041302,0.8431329112073773
ALL,4,openmax,verified_v1,420,0.8741401989054175,0.6158686786104124,0.8422795252229979
ALL,4,knn,verified_v1,420,0.8729171658181504,0.5950913916567677,0.8311202480777801
ALL,4,msp,verified_v1,420,0.8708759144508904,0.6176581278062853,0.8409544847421843
ALL,4,maxlogit,verified_v1,420,0.8694969745746078,0.6134323361947321,0.8406727810351364
ALL,4,gradnorm,verified_v1,420,0.8675914743927023,0.6018760935629006,0.8401703914214034
ALL,4,entropy,verified_v1,420,0.8660001982291584,0.5992917939744706,0.8404982325623865
ALL,4,rsn_paper,verified_v1,420,0.8649640799381008,0.6144930592255431,0.8255095981045146
ALL,4,gen,verified_v1,420,0.8640954465660031,0.5991540719741648,0.8395105547144084
ALL,4,energy,verified_v1,420,0.8624072431769211,0.5990069037982078,0.838623189563431
ALL,4,scale,verified_v1,420,0.8533351032899785,0.6086541886088577,0.8303220949584815
ALL,4,vim,verified_v1,420,0.8501526073583079,0.7323298938518874,0.7880948436526205
ALL,4,mahalanobis,verified_v1,420,0.847890732801354,0.724893952563155,0.7883666059123492
ALL,4,rmd,verified_v1,420,0.8478590919317982,0.5757710096243347,0.837577035013184
ALL,4,mahalanobispp,verified_v1,420,0.8448619917388093,0.7351258926553367,0.7841158865921775
ALL,4,kl_matching,verified_v1,420,0.8380103270731244,0.6258329222152148,0.8204021792742339
ALL,4,nci,verified_v1,420,0.8328458487798888,0.7182700943665935,0.784857152848047
ALL,4,dice,verified_v1,420,0.8042389548015101,0.8162179650421941,0.7516391820822534
ALL,4,react,verified_v1,420,0.6746461998368238,0.8397975381617957,0.6459761006509306
ALL,4,ashs,verified_v1,420,0.5252293334764719,0.942246184864454,0.5184181942097437
ALL,4,ashp,verified_v1,420,0.512142300961486,0.9546074310703242,0.5015149336838112
ALL,4,ashb,verified_v1,420,0.5114984973174734,0.9338648995393786,0.5180041444800298
dinov2_vitb14,4,openmax,verified_v1,210,0.8697291754505717,0.6192648013535307,0.8384373479404529
dinov2_vitb14,4,rsn_reported,verified_v1,210,0.86812140841518,0.5623001987384348,0.8343814300457122
dinov2_vitb14,4,msp,verified_v1,210,0.8676358199265183,0.6207899339750969,0.8378195922648248
dinov2_vitb14,4,maxlogit,verified_v1,210,0.8661155715891734,0.6165030244936316,0.8374649061655766
dinov2_vitb14,4,gradnorm,verified_v1,210,0.8629199945575718,0.6136200903239559,0.8350464019128276
dinov2_vitb14,4,entropy,verified_v1,210,0.8620462885417476,0.6045617165212398,0.8370042278309104
dinov2_vitb14,4,rsn_paper,verified_v1,210,0.8605791001812708,0.6183918143465876,0.8223204858356139
dinov2_vitb14,4,knn,verified_v1,210,0.8602700986929882,0.6100708373445328,0.8162322002965454
dinov2_vitb14,4,gen,verified_v1,210,0.859947426396055,0.6046789903738382,0.8358711288385731
dinov2_vitb14,4,energy,verified_v1,210,0.8580787029244794,0.6048981661522527,0.8348046834405426
dinov2_vitb14,4,rmd,verified_v1,210,0.8507008389708858,0.564595053226255,0.8431066053493325
dinov2_vitb14,4,scale,verified_v1,210,0.8434185972784862,0.6164179903513803,0.821956577192541
dinov2_vitb14,4,kl_matching,verified_v1,210,0.8366788638839379,0.631001242773472,0.8184572535543371
dinov2_vitb14,4,vim,verified_v1,210,0.8263719475870378,0.7915917013616942,0.7579330172891752
dinov2_vitb14,4,mahalanobis,verified_v1,210,0.8255334391460314,0.7843894060955978,0.7589787739750076
dinov2_vitb14,4,mahalanobispp,verified_v1,210,0.8214658125621178,0.7985951990649789,0.7527562917835461
dinov2_vitb14,4,nci,verified_v1,210,0.8159911669252932,0.7939449275758543,0.7556375423221634
dinov2_vitb14,4,dice,verified_v1,210,0.7733926263753763,0.858160458160768,0.7209283211262233
dinov2_vitb14,4,react,verified_v1,210,0.729789327848026,0.8016846890503213,0.6961433205892549
dinov2_vitb14,4,ashs,verified_v1,210,0.553360384584934,0.9360399518178826,0.5355878280730939
dinov2_vitb14,4,ashp,verified_v1,210,0.5297331230091396,0.9518636507911413,0.5115271713500931
dinov2_vitb14,4,ashb,verified_v1,210,0.5285770366684535,0.9262236878742267,0.5315184744307351
dinov2_vitl14,4,rsn_reported,verified_v1,210,0.8895016736814059,0.5433092930698253,0.8518843923690423
dinov2_vitl14,4,knn,verified_v1,210,0.8855642329433127,0.5801119459690027,0.8460082958590146
dinov2_vitl14,4,openmax,verified_v1,210,0.8785512223602631,0.6124725558672941,0.846121702505543
dinov2_vitl14,4,msp,verified_v1,210,0.8741160089752625,0.6145263216374737,0.8440893772195437
dinov2_vitl14,4,vim,verified_v1,210,0.8739332671295781,0.6730680863420806,0.8182566700160658
dinov2_vitl14,4,maxlogit,verified_v1,210,0.8728783775600424,0.6103616478958328,0.8438806559046963
dinov2_vitl14,4,gradnorm,verified_v1,210,0.872262954227833,0.5901320968018452,0.8452943809299792
dinov2_vitl14,4,mahalanobis,verified_v1,210,0.8702480264566768,0.6653984990307125,0.817754437849691
dinov2_vitl14,4,entropy,verified_v1,210,0.8699541079165692,0.5940218714277015,0.8439922372938627
dinov2_vitl14,4,rsn_paper,verified_v1,210,0.8693490596949308,0.6105943041044986,0.8286987103734152
dinov2_vitl14,4,mahalanobispp,verified_v1,210,0.8682581709155007,0.6716565862456946,0.8154754814008088
dinov2_vitl14,4,gen,verified_v1,210,0.8682434667359512,0.5936291535744914,0.8431499805902437
dinov2_vitl14,4,energy,verified_v1,210,0.866735783429363,0.593115641444163,0.8424416956863194
dinov2_vitl14,4,scale,verified_v1,210,0.8632516093014708,0.6008903868663351,0.8386876127244222
dinov2_vitl14,4,nci,verified_v1,210,0.8497005306344843,0.6425952611573328,0.8140767633739306
dinov2_vitl14,4,rmd,verified_v1,210,0.8450173448927105,0.5869469660224144,0.8320474646770357
dinov2_vitl14,4,kl_matching,verified_v1,210,0.8393417902623111,0.6206646016569576,0.8223471049941307
dinov2_vitl14,4,dice,verified_v1,210,0.8350852832276436,0.7742754719236203,0.7823500430382836
dinov2_vitl14,4,react,verified_v1,210,0.6195030718256215,0.87791038727327,0.5958088807126063
dinov2_vitl14,4,ashs,verified_v1,210,0.49709828236800996,0.9484524179110255,0.5012485603463934
dinov2_vitl14,4,ashp,verified_v1,210,0.49455147891383267,0.9573512113495072,0.49150269601752933
dinov2_vitl14,4,ashb,verified_v1,210,0.4944199579664934,0.9415061112045303,0.5044898145293245
ALL,5,openmax,verified_v1,336,0.8657777423321249,0.6563728302678921,0.7460317103545733
ALL,5,rsn_reported,verified_v1,336,0.8623789204586125,0.595233882776756,0.7417773796272857
ALL,5,msp,verified_v1,336,0.8607439139000206,0.6813030528157169,0.7361740858250707
ALL,5,maxlogit,verified_v1,336,0.8591131603064868,0.6795668900321917,0.7353712146594875
ALL,5,knn,verified_v1,336,0.8564991211044111,0.6401004328723305,0.7255322376077987
ALL,5,entropy,verified_v1,336,0.8529997764881353,0.6702424351829837,0.732610966356194
ALL,5,gradnorm,verified_v1,336,0.8524825904724583,0.6716843473276731,0.7305851150903082
ALL,5,gen,verified_v1,336,0.8497504065034192,0.6700318785254888,0.7304783561062099
ALL,5,energy,verified_v1,336,0.8480466233514582,0.669811800222866,0.7294214516784082
ALL,5,rsn_paper,verified_v1,336,0.847128280095706,0.6689043977672628,0.7136659695479651
ALL,5,scale,verified_v1,336,0.8465651874547407,0.6705000984673666,0.7270802585995164
ALL,5,rmd,verified_v1,336,0.8457967612960784,0.6018262179133683,0.7561510324021385
ALL,5,kl_matching,verified_v1,336,0.8362223951299826,0.6624024083944678,0.7264776744530903
ALL,5,mahalanobis,verified_v1,336,0.8263393629009231,0.7732371664272379,0.6641851170312408
ALL,5,vim,verified_v1,336,0.8262040905704788,0.7847519099870469,0.6596553165168552
ALL,5,nci,verified_v1,336,0.8250105454212424,0.7624994608105482,0.6729601862268922
ALL,5,mahalanobispp,verified_v1,336,0.823161087859032,0.7821197917626025,0.6593611019083118
ALL,5,dice,verified_v1,336,0.7644338502559627,0.8337097062707561,0.6175126530467541
ALL,5,react,verified_v1,336,0.6814727371241187,0.8388786389390245,0.542362076409975
ALL,5,ashs,verified_v1,336,0.5436202780183407,0.9403809496579918,0.40640208989887466
ALL,5,ashp,verified_v1,336,0.5393868834444807,0.9465015324976436,0.398404941544112
ALL,5,ashb,verified_v1,336,0.5164181120874485,0.9368156836291412,0.39835303412679174
dinov2_vitb14,5,openmax,verified_v1,168,0.8591883357713015,0.6570959614337212,0.7410437723057457
dinov2_vitb14,5,msp,verified_v1,168,0.8542138928312232,0.6870842424318255,0.7288448732156891
dinov2_vitb14,5,maxlogit,verified_v1,168,0.8522761037427157,0.6861621229759237,0.7277501799194253
dinov2_vitb14,5,rsn_reported,verified_v1,168,0.8495833863580913,0.6089007486157885,0.7283290791798663
dinov2_vitb14,5,rmd,verified_v1,168,0.8493246676090364,0.5845711426128314,0.7653972734619655
dinov2_vitb14,5,entropy,verified_v1,168,0.8448040776286545,0.6804555694216289,0.72350415003946
dinov2_vitb14,5,gradnorm,verified_v1,168,0.8433239818545805,0.688206405333295,0.7184335033375643
dinov2_vitb14,5,rsn_paper,verified_v1,168,0.841901537948819,0.6744178539089472,0.7094127622904962
dinov2_vitb14,5,knn,verified_v1,168,0.8414035109995733,0.6501176111399428,0.7043190748432824
dinov2_vitb14,5,gen,verified_v1,168,0.8409489052724022,0.6805856898899327,0.7208710654676561
dinov2_vitb14,5,energy,verified_v1,168,0.838981305750273,0.6805987319115253,0.719593234272247
dinov2_vitb14,5,scale,verified_v1,168,0.8369855503011365,0.6806638919446635,0.7164945005619395
dinov2_vitb14,5,kl_matching,verified_v1,168,0.8334043224220586,0.6625888124339655,0.7243215378554427
dinov2_vitb14,5,nci,verified_v1,168,0.8045824821017611,0.8328704779060487,0.6328549449978906
dinov2_vitb14,5,mahalanobis,verified_v1,168,0.8003296323149394,0.8325395831085122,0.6241284130281416
dinov2_vitb14,5,vim,verified_v1,168,0.798002709486775,0.8423925676560247,0.618572727191127
dinov2_vitb14,5,mahalanobispp,verified_v1,168,0.7960701267366297,0.8445316510790041,0.617150343123634
dinov2_vitb14,5,dice,verified_v1,168,0.7388333775533353,0.8696278201212958,0.5848189480612669
dinov2_vitb14,5,react,verified_v1,168,0.7259733504681561,0.8111158115229051,0.5857581943748739
dinov2_vitb14,5,ashs,verified_v1,168,0.5790368054663431,0.9294942579620499,0.4306943017953071
dinov2_vitb14,5,ashp,verified_v1,168,0.5581028953138419,0.9433730457834985,0.4086620930677056
dinov2_vitb14,5,ashb,verified_v1,168,0.5304827379796825,0.9289709230656872,0.4097541954330065
dinov2_vitl14,5,rsn_reported,verified_v1,168,0.8751744545591338,0.5815670169377236,0.7552256800747053
dinov2_vitl14,5,openmax,verified_v1,168,0.8723671488929483,0.6556496991020629,0.7510196484034009
dinov2_vitl14,5,knn,verified_v1,168,0.8715947312092487,0.6300832546047184,0.7467454003723152
dinov2_vitl14,5,msp,verified_v1,168,0.8672739349688179,0.6755218631996082,0.7435032984344525
dinov2_vitl14,5,maxlogit,verified_v1,168,0.8659502168702579,0.6729716570884599,0.7429922493995499
dinov2_vitl14,5,gradnorm,verified_v1,168,0.8616411990903362,0.6551622893220512,0.7427367268430523
dinov2_vitl14,5,entropy,verified_v1,168,0.8611954753476161,0.6600293009443384,0.7417177826729281
dinov2_vitl14,5,gen,verified_v1,168,0.858551907734436,0.659478067161045,0.7400856467447637
dinov2_vitl14,5,energy,verified_v1,168,0.8571119409526431,0.6590248685342066,0.7392496690845695
dinov2_vitl14,5,scale,verified_v1,168,0.8561448246083448,0.6603363049900697,0.7376660166370932
dinov2_vitl14,5,vim,verified_v1,168,0.8544054716541826,0.7271112523180694,0.7007379058425832
dinov2_vitl14,5,rsn_paper,verified_v1,168,0.852355022242593,0.6633909416255785,0.7179191768054339
dinov2_vitl14,5,mahalanobis,verified_v1,168,0.852349093486907,0.7139347497459637,0.7042418210343399
dinov2_vitl14,5,mahalanobispp,verified_v1,168,0.8502520489814345,0.7197079324462009,0.7015718606929894
dinov2_vitl14,5,nci,verified_v1,168,0.8454386087407237,0.6921284437150478,0.7130654274558937
dinov2_vitl14,5,rmd,verified_v1,168,0.8422688549831204,0.6190812932139051,0.7469047913423116
dinov2_vitl14,5,kl_matching,verified_v1,168,0.8390404678379068,0.6622160043549702,0.7286338110507378
dinov2_vitl14,5,dice,verified_v1,168,0.79003432295859,0.7977915924202167,0.6502063580322414
dinov2_vitl14,5,react,verified_v1,168,0.6369721237800813,0.8666414663551437,0.4989659584450762
dinov2_vitl14,5,ashp,verified_v1,168,0.5206708715751194,0.9496300192117886,0.38814779002051836
dinov2_vitl14,5,ashs,verified_v1,168,0.5082037505703382,0.9512676413539338,0.3821098780024421
dinov2_vitl14,5,ashb,verified_v1,168,0.5023534861952145,0.9446604441925953,0.38695187282057697
ALL,6,openmax,verified_v1,168,0.8534132705379686,0.6862535452353911,0.6044082418634534
ALL,6,msp,verified_v1,168,0.8474592106411085,0.750647378886701,0.5703642225116793
ALL,6,maxlogit,verified_v1,168,0.8455683128898677,0.750971016992146,0.5684554462887348
ALL,6,rsn_reported,verified_v1,168,0.845382411628886,0.6335892730214432,0.5952763259806044
ALL,6,rmd,verified_v1,168,0.8405121140821599,0.6245159925620327,0.6338760509567523
ALL,6,knn,verified_v1,168,0.8397408122127902,0.6835325193081283,0.5774711673422638
ALL,6,entropy,verified_v1,168,0.8352586395449271,0.7514984571946727,0.5577521779839362
ALL,6,kl_matching,verified_v1,168,0.8328341344773763,0.6843769288052312,0.5936595478419054
ALL,6,gradnorm,verified_v1,168,0.8305791946305722,0.7502396792685369,0.552607687223843
ALL,6,gen,verified_v1,168,0.8304198112787398,0.7521088000627956,0.5539112320891972
ALL,6,rsn_paper,verified_v1,168,0.8295800579243475,0.7154268725562558,0.5580489428897146
ALL,6,energy,verified_v1,168,0.8285726220470244,0.7520078389738731,0.5525765531118539
ALL,6,scale,verified_v1,168,0.8246286319409473,0.7544876785420822,0.547386586793569
ALL,6,nci,verified_v1,168,0.8121923117143132,0.8052261305678399,0.5155825070751254
ALL,6,mahalanobis,verified_v1,168,0.8048931824024873,0.8101841977532988,0.5050609501754951
ALL,6,vim,verified_v1,168,0.8022971551296395,0.8247644937430129,0.4955336684910436
ALL,6,mahalanobispp,verified_v1,168,0.801617395093529,0.81829620315141,0.5005667079019887
ALL,6,dice,verified_v1,168,0.7219184195804592,0.8504207074627337,0.4474162467320365
ALL,6,react,verified_v1,168,0.6760242370931137,0.862474213740041,0.39431674938532196
ALL,6,ashp,verified_v1,168,0.5383934713013528,0.9436495634373676,0.2761710415194677
ALL,6,ashs,verified_v1,168,0.534730286268795,0.9420653636579119,0.2761356341419531
ALL,6,ashb,verified_v1,168,0.5009835555157619,0.9430795696409374,0.26545315006704057
dinov2_vitb14,6,openmax,verified_v1,84,0.8457572942319144,0.6872646776991118,0.5984212321173497
dinov2_vitb14,6,rmd,verified_v1,84,0.843586323082463,0.605204977385735,0.6440198966935716
dinov2_vitb14,6,msp,verified_v1,84,0.8365852589049558,0.761406890734814,0.5555810871397938
dinov2_vitb14,6,maxlogit,verified_v1,84,0.834288068958684,0.7627870961737158,0.553200067712197
dinov2_vitb14,6,rsn_reported,verified_v1,84,0.830385916024139,0.6521128488164608,0.5777902998964142
dinov2_vitb14,6,kl_matching,verified_v1,84,0.8270443273591587,0.6873263005382304,0.5876547766144002
dinov2_vitb14,6,rsn_paper,verified_v1,84,0.8234395154003205,0.7217745600312063,0.5543682331051007
dinov2_vitb14,6,knn,verified_v1,84,0.8220087727060249,0.6895702994184597,0.5520958260313733
dinov2_vitb14,6,entropy,verified_v1,84,0.8219538647571566,0.768140557769164,0.53966546003119
dinov2_vitb14,6,gradnorm,verified_v1,84,0.8162811260435634,0.7745557798018838,0.5305189080348971
dinov2_vitb14,6,gen,verified_v1,84,0.8160413357890451,0.7692752250949678,0.5349792322624001
dinov2_vitb14,6,energy,verified_v1,84,0.8138340287083823,0.7692738775013889,0.5333792728548736
dinov2_vitb14,6,scale,verified_v1,84,0.8053605937943201,0.7733132653369114,0.5234432654187193
dinov2_vitb14,6,nci,verified_v1,84,0.7870445807514266,0.870665429213559,0.46713363280574444
dinov2_vitb14,6,mahalanobis,verified_v1,84,0.7753557784369068,0.8681319341903795,0.4603167162374412
dinov2_vitb14,6,mahalanobispp,verified_v1,84,0.7709487634051662,0.8781937373711683,0.4539201224727235
dinov2_vitb14,6,vim,verified_v1,84,0.7698898956003937,0.8799732822120481,0.4503198705203597
dinov2_vitb14,6,dice,verified_v1,84,0.6989438559581324,0.8861371703951393,0.4143763576745118
dinov2_vitb14,6,react,verified_v1,84,0.6771089011134873,0.8635015097077094,0.3954568419720814
dinov2_vitb14,6,ashp,verified_v1,84,0.541667841151393,0.940665969093955,0.27823610033532226
dinov2_vitb14,6,ashs,verified_v1,84,0.5376752956122751,0.9373473839115767,0.2797414673998208
dinov2_vitb14,6,ashb,verified_v1,84,0.49353861998536336,0.9402541893099551,0.2638040617265703
dinov2_vitl14,6,openmax,verified_v1,84,0.8610692468440229,0.6852424127716704,0.6103952516095572
dinov2_vitl14,6,rsn_reported,verified_v1,84,0.8603789072336331,0.6150656972264257,0.6127623520647947
dinov2_vitl14,6,msp,verified_v1,84,0.8583331623772613,0.7398878670385878,0.5851473578835648
dinov2_vitl14,6,knn,verified_v1,84,0.8574728517195555,0.6774947391977969,0.6028465086531541
dinov2_vitl14,6,maxlogit,verified_v1,84,0.8568485568210514,0.739154937810576,0.5837108248652726
dinov2_vitl14,6,entropy,verified_v1,84,0.8485634143326978,0.7348563566201812,0.5758388959366822
dinov2_vitl14,6,gradnorm,verified_v1,84,0.8448772632175808,0.7259235787351899,0.5746964664127889
dinov2_vitl14,6,gen,verified_v1,84,0.8447982867684344,0.7349423750306234,0.5728432319159944
dinov2_vitl14,6,scale,verified_v1,84,0.8438966700875742,0.7356620917472528,0.5713299081684188
dinov2_vitl14,6,energy,verified_v1,84,0.8433112153856668,0.7347418004463574,0.571773833368834
dinov2_vitl14,6,kl_matching,verified_v1,84,0.838623941595594,0.6814275570722318,0.5996643190694106
dinov2_vitl14,6,rmd,verified_v1,84,0.8374379050818567,0.6438270077383306,0.623732205219933
dinov2_vitl14,6,nci,verified_v1,84,0.8373400426771995,0.7397868319221206,0.5640313813445066
dinov2_vitl14,6,rsn_paper,verified_v1,84,0.8357206004483747,0.7090791850813053,0.5617296526743284
dinov2_vitl14,6,vim,verified_v1,84,0.8347044146588856,0.7695557052739775,0.5407474664617276
dinov2_vitl14,6,mahalanobis,verified_v1,84,0.8344305863680679,0.7522364613162181,0.5498051841135491
dinov2_vitl14,6,mahalanobispp,verified_v1,84,0.832286026781892,0.7583986689316518,0.5472132933312539
dinov2_vitl14,6,dice,verified_v1,84,0.744892983202786,0.814704244530328,0.48045613578956126
dinov2_vitl14,6,react,verified_v1,84,0.6749395730727399,0.8614469177723724,0.39317665679856234
dinov2_vitl14,6,ashp,verified_v1,84,0.5351191014513126,0.9466331577807804,0.2741059827036132
dinov2_vitl14,6,ashs,verified_v1,84,0.5317852769253151,0.9467833434042471,0.27252980088408535
dinov2_vitl14,6,ashb,verified_v1,84,0.5084284910461604,0.9459049499719198,0.26710223840751085
ALL,7,openmax,verified_v1,48,0.834254206747654,0.7069461180987567,0.3969609222899404
ALL,7,msp,verified_v1,48,0.830434996878032,0.8233183653130448,0.32978978889936367
ALL,7,rmd,verified_v1,48,0.8284353490053106,0.643945150479493,0.4422450094984692
ALL,7,maxlogit,verified_v1,48,0.8283736769620095,0.8257121910620479,0.327095291123185
ALL,7,kl_matching,verified_v1,48,0.8226567565194164,0.702569816407165,0.3971760130456529
ALL,7,rsn_reported,verified_v1,48,0.822428844092938,0.6857278658321005,0.38805750973625147
ALL,7,knn,verified_v1,48,0.8171010057930786,0.7355425959513108,0.3728516561950634
ALL,7,entropy,verified_v1,48,0.8129758132010233,0.8371076342713897,0.3081022674694834
ALL,7,rsn_paper,verified_v1,48,0.8075972775449808,0.7643138792409764,0.34534268663041073
ALL,7,gen,verified_v1,48,0.8068219219509873,0.838542775715283,0.3033904613356051
ALL,7,energy,verified_v1,48,0.8049159076828175,0.8390196015443868,0.30211401287216927
ALL,7,scale,verified_v1,48,0.8048006066440839,0.839882339594487,0.3016519119615045
ALL,7,gradnorm,verified_v1,48,0.8015377799445248,0.8340493983604221,0.3018516773512504
ALL,7,nci,verified_v1,48,0.793353764382335,0.846117274042194,0.3070800044362775
ALL,7,mahalanobis,verified_v1,48,0.7769958613607163,0.846272939172762,0.30568144991462626
ALL,7,mahalanobispp,verified_v1,48,0.7736426697200951,0.8524334937453277,0.3025686760215838
ALL,7,vim,verified_v1,48,0.7724862337043078,0.8599742166345118,0.2926480523856069
ALL,7,react,verified_v1,48,0.7464125847088168,0.8148875316472934,0.28743506122246193
ALL,7,dice,verified_v1,48,0.6764497020127123,0.865077966848857,0.25642542702184357
ALL,7,ashs,verified_v1,48,0.5498426859992686,0.9344503452247083,0.1535949391946871
ALL,7,ashb,verified_v1,48,0.5303164323403479,0.9329216762648068,0.15433850297303972
ALL,7,ashp,verified_v1,48,0.5253631317655495,0.9458734272454498,0.14222346510105696
dinov2_vitb14,7,rmd,verified_v1,24,0.8301925325549314,0.6479009105156137,0.44010114604798156
dinov2_vitb14,7,openmax,verified_v1,24,0.827606526316202,0.718329793711654,0.38933892052734603
dinov2_vitb14,7,msp,verified_v1,24,0.8132196530287575,0.8400439790736605,0.30734578586314615
dinov2_vitb14,7,kl_matching,verified_v1,24,0.811298436901143,0.7247653729635636,0.3774920020249977
dinov2_vitb14,7,maxlogit,verified_v1,24,0.8106363348919251,0.8428700527169265,0.30442808776102354
dinov2_vitb14,7,rsn_reported,verified_v1,24,0.8045761002437862,0.7080442708803396,0.3707911040357765
dinov2_vitb14,7,rsn_paper,verified_v1,24,0.7995701629867957,0.7716696960834075,0.3457779448406652
dinov2_vitb14,7,knn,verified_v1,24,0.7954462410600041,0.7394964960619413,0.3498813958236911
dinov2_vitb14,7,entropy,verified_v1,24,0.7930891646901893,0.8614864725276475,0.28454892090592204
dinov2_vitb14,7,gen,verified_v1,24,0.7853708020174776,0.8623297715371079,0.2792792340970827
dinov2_vitb14,7,energy,verified_v1,24,0.7830253047687563,0.8623067432364658,0.27788033021214287
dinov2_vitb14,7,scale,verified_v1,24,0.7823826338250024,0.8631136736545549,0.277188800372884
dinov2_vitb14,7,gradnorm,verified_v1,24,0.7809380990727336,0.8626761948873168,0.27720488569946655
dinov2_vitb14,7,nci,verified_v1,24,0.7613237887324916,0.9090700847080662,0.25977365850127493
dinov2_vitb14,7,mahalanobis,verified_v1,24,0.7428591299757668,0.8988082655981996,0.26794327940696566
dinov2_vitb14,7,mahalanobispp,verified_v1,24,0.7382227497369697,0.9044911777975916,0.26356160672278467
dinov2_vitb14,7,vim,verified_v1,24,0.7352996058379246,0.9069360023385545,0.25595264045156024
dinov2_vitb14,7,react,verified_v1,24,0.7170473724561265,0.8498600093660716,0.2626266303731993
dinov2_vitb14,7,dice,verified_v1,24,0.6604464792638164,0.8960871263171167,0.2374154220040402
dinov2_vitb14,7,ashs,verified_v1,24,0.5767136653061667,0.9145343681030318,0.17259104183426857
dinov2_vitb14,7,ashp,verified_v1,24,0.569689078068076,0.9286909046778303,0.16212915450682078
dinov2_vitb14,7,ashb,verified_v1,24,0.5183102999385866,0.9321962303697949,0.1559937199665847
dinov2_vitl14,7,msp,verified_v1,24,0.8476503407273065,0.806592751552429,0.35223379193558113
dinov2_vitl14,7,maxlogit,verified_v1,24,0.8461110190320936,0.8085543294071692,0.34976249448534635
dinov2_vitl14,7,openmax,verified_v1,24,0.8409018871791059,0.6955624424858594,0.4045829240525347
dinov2_vitl14,7,rsn_reported,verified_v1,24,0.8402815879420897,0.6634114607838614,0.40532391543672636
dinov2_vitl14,7,knn,verified_v1,24,0.8387557705261535,0.7315886958406804,0.3958219165664356
dinov2_vitl14,7,kl_matching,verified_v1,24,0.8340150761376899,0.6803742598507666,0.4168600240663081
dinov2_vitl14,7,entropy,verified_v1,24,0.8328624617118573,0.8127287960151318,0.3316556140330447
dinov2_vitl14,7,gen,verified_v1,24,0.8282730418844974,0.8147557798934582,0.3275016885741275
dinov2_vitl14,7,scale,verified_v1,24,0.8272185794631652,0.816651005534419,0.32611502355012506
dinov2_vitl14,7,energy,verified_v1,24,0.8268065105968788,0.815732459852308,0.3263476955321956
dinov2_vitl14,7,rmd,verified_v1,24,0.8266781654556895,0.6399893904433723,0.44438887294895674
dinov2_vitl14,7,nci,verified_v1,24,0.8253837400321783,0.7831644633763216,0.35438635037128
dinov2_vitl14,7,gradnorm,verified_v1,24,0.8221374608163162,0.8054226018335274,0.32649846900303425
dinov2_vitl14,7,rsn_paper,verified_v1,24,0.815624392103166,0.756958062398545,0.3449074284201563
dinov2_vitl14,7,mahalanobis,verified_v1,24,0.811132592745666,0.7937376127473245,0.3434196204222868
dinov2_vitl14,7,vim,verified_v1,24,0.8096728615706912,0.813012430930469,0.32934346431965367
dinov2_vitl14,7,mahalanobispp,verified_v1,24,0.8090625897032208,0.8003758096930639,0.3415757453203831
dinov2_vitl14,7,react,verified_v1,24,0.7757777969615072,0.7799150539285153,0.3122434920717245
dinov2_vitl14,7,dice,verified_v1,24,0.6924529247616081,0.8340688073805973,0.27543543203964693
dinov2_vitl14,7,ashb,verified_v1,24,0.542322564742109,0.9336471221598187,0.15268328597949476
dinov2_vitl14,7,ashs,verified_v1,24,0.5229717066923704,0.9543663223463846,0.13459883655510563
dinov2_vitl14,7,ashp,verified_v1,24,0.48103718546302304,0.9630559498130692,0.12231777569529317
