id_size,metric,rank,method,n,value
2,AUROC,1,rsn_reported,168,0.916862
2,AUROC,2,knn,168,0.912603
2,AUROC,3,vim,168,0.904127
2,AUROC,4,mahalanobis,168,0.900997
2,AUROC,5,mahalanobispp,168,0.898686
2,AUROC,6,dice,168,0.879213
2,AUROC,7,entropy,168,0.844001
2,AUROC,8,gen,168,0.844001
2,AUROC,9,msp,168,0.844001
2,AUROC,10,openmax,168,0.843987
2,AUROC,11,maxlogit,168,0.843984
2,AUROC,12,energy,168,0.843947
2,AUROC,13,gradnorm,168,0.842954
2,AUROC,14,scale,168,0.834263
2,AUROC,15,rmd,168,0.831433
2,AUROC,16,kl_matching,168,0.79959
2,AUROC,17,nci,168,0.798892
2,AUROC,18,react,168,0.600586
2,AUROC,19,ashb,168,0.495749
2,AUROC,20,ashp,168,0.49341
2,AUROC,21,ashs,168,0.487896
2,FPR95,1,rsn_reported,168,0.430698
2,FPR95,2,knn,168,0.462615
2,FPR95,3,entropy,168,0.529235
2,FPR95,4,gen,168,0.529235
2,FPR95,5,msp,168,0.529235
2,FPR95,6,openmax,168,0.529258
2,FPR95,7,maxlogit,168,0.529286
2,FPR95,8,energy,168,0.529334
2,FPR95,9,gradnorm,168,0.532553
2,FPR95,10,scale,168,0.542462
2,FPR95,11,vim,168,0.543616
2,FPR95,12,mahalanobis,168,0.547387
2,FPR95,13,kl_matching,168,0.549843
2,FPR95,14,mahalanobispp,168,0.561773
2,FPR95,15,rmd,168,0.569375
2,FPR95,16,nci,168,0.66484
2,FPR95,17,dice,168,0.722989
2,FPR95,18,react,168,0.894919
2,FPR95,19,ashb,168,0.930959
2,FPR95,20,ashs,168,0.948264
2,FPR95,21,ashp,168,0.953373
2,AUPR_OUT,1,rsn_reported,168,0.959028
2,AUPR_OUT,2,knn,168,0.956006
2,AUPR_OUT,3,vim,168,0.948207
2,AUPR_OUT,4,mahalanobis,168,0.947027
2,AUPR_OUT,5,mahalanobispp,168,0.945323
2,AUPR_OUT,6,entropy,168,0.935652
2,AUPR_OUT,7,gen,168,0.935652
2,AUPR_OUT,8,msp,168,0.935652
2,AUPR_OUT,9,maxlogit,168,0.935645
2,AUPR_OUT,10,energy,168,0.935609
2,AUPR_OUT,11,openmax,168,0.935609
2,AUPR_OUT,12,gradnorm,168,0.935045
2,AUPR_OUT,13,scale,168,0.932026
2,AUPR_OUT,14,dice,168,0.929222
2,AUPR_OUT,15,rmd,168,0.928721
2,AUPR_OUT,16,kl_matching,168,0.920125
2,AUPR_OUT,17,nci,168,0.904281
2,AUPR_OUT,18,react,168,0.788768
2,AUPR_OUT,19,ashb,168,0.752388
2,AUPR_OUT,20,ashs,168,0.739502
2,AUPR_OUT,21,ashp,168,0.73806
3,AUROC,1,rsn_reported,336,0.896488
3,AUROC,2,knn,336,0.891039
3,AUROC,3,vim,336,0.875766
3,AUROC,4,openmax,336,0.873806
3,AUROC,5,mahalanobis,336,0.872067
3,AUROC,6,msp,336,0.871704
3,AUROC,7,gradnorm,336,0.870594
3,AUROC,8,maxlogit,336,0.870492
3,AUROC,9,mahalanobispp,336,0.869293
3,AUROC,10,entropy,336,0.868573
3,AUROC,11,gen,336,0.867854
3,AUROC,12,energy,336,0.865975
3,AUROC,13,scale,336,0.857883
3,AUROC,14,rmd,336,0.847729
3,AUROC,15,dice,336,0.843017
3,AUROC,16,kl_matching,336,0.833541
3,AUROC,17,nci,336,0.829266
3,AUROC,18,react,336,0.644285
3,AUROC,19,ashb,336,0.505871
3,AUROC,20,ashp,336,0.503389
3,AUROC,21,ashs,336,0.502206
3,FPR95,1,rsn_reported,336,0.500462
3,FPR95,2,knn,336,0.537261
3,FPR95,3,energy,336,0.549288
3,FPR95,4,gen,336,0.550304
3,FPR95,5,entropy,336,0.550599
3,FPR95,6,rmd,336,0.553791
3,FPR95,7,scale,336,0.557728
3,FPR95,8,gradnorm,336,0.559517
3,FPR95,9,maxlogit,336,0.561974
3,FPR95,10,msp,336,0.565216
3,FPR95,11,openmax,336,0.574981
3,FPR95,12,kl_matching,336,0.58093
3,FPR95,13,mahalanobis,336,0.653577
3,FPR95,14,vim,336,0.656952
3,FPR95,15,mahalanobispp,336,0.666086
3,FPR95,16,nci,336,0.679598
3,FPR95,17,dice,336,0.788859
3,FPR95,18,react,336,0.871925
3,FPR95,19,ashb,336,0.934859
3,FPR95,20,ashs,336,0.948485
3,FPR95,21,ashp,336,0.956695
3,AUPR_OUT,1,rsn_reported,336,0.912542
3,AUPR_OUT,2,knn,336,0.905315
3,AUPR_OUT,3,openmax,336,0.902671
3,AUPR_OUT,4,msp,336,0.902616
3,AUPR_OUT,5,entropy,336,0.902507
3,AUPR_OUT,6,gradnorm,336,0.902491
3,AUPR_OUT,7,maxlogit,336,0.902442
3,AUPR_OUT,8,gen,336,0.902227
3,AUPR_OUT,9,energy,336,0.901469
3,AUPR_OUT,10,scale,336,0.896336
3,AUPR_OUT,11,rmd,336,0.893146
3,AUPR_OUT,12,kl_matching,336,0.88326
3,AUPR_OUT,13,vim,336,0.883254
3,AUPR_OUT,14,mahalanobis,336,0.881574
3,AUPR_OUT,15,mahalanobispp,336,0.878477
3,AUPR_OUT,16,nci,336,0.858789
3,AUPR_OUT,17,dice,336,0.854137
3,AUPR_OUT,18,react,336,0.715081
3,AUPR_OUT,19,ashb,336,0.634221
3,AUPR_OUT,20,ashs,336,0.623574
3,AUPR_OUT,21,ashp,336,0.618235
4,AUROC,1,rsn_reported,420,0.878812
4,AUROC,2,openmax,420,0.87414
4,AUROC,3,knn,420,0.872917
4,AUROC,4,msp,420,0.870876
4,AUROC,5,maxlogit,420,0.869497
4,AUROC,6,gradnorm,420,0.867591
4,AUROC,7,entropy,420,0.866
4,AUROC,8,gen,420,0.864095
4,AUROC,9,energy,420,0.862407
4,AUROC,10,scale,420,0.853335
4,AUROC,11,vim,420,0.850153
4,AUROC,12,mahalanobis,420,0.847891
4,AUROC,13,rmd,420,0.847859
4,AUROC,14,mahalanobispp,420,0.844862
4,AUROC,15,kl_matching,420,0.83801
4,AUROC,16,nci,420,0.832846
4,AUROC,17,dice,420,0.804239
4,AUROC,18,react,420,0.674646
4,AUROC,19,ashs,420,0.525229
4,AUROC,20,ashp,420,0.512142
4,AUROC,21,ashb,420,0.511498
4,FPR95,1,rsn_reported,420,0.552805
4,FPR95,2,rmd,420,0.575771
4,FPR95,3,knn,420,0.595091
4,FPR95,4,energy,420,0.599007
4,FPR95,5,gen,420,0.599154
4,FPR95,6,entropy,420,0.599292
4,FPR95,7,gradnorm,420,0.601876
4,FPR95,8,scale,420,0.608654
4,FPR95,9,maxlogit,420,0.613432
4,FPR95,10,openmax,420,0.615869
4,FPR95,11,msp,420,0.617658
4,FPR95,12,kl_matching,420,0.625833
4,FPR95,13,nci,420,0.71827
4,FPR95,14,mahalanobis,420,0.724894
4,FPR95,15,vim,420,0.73233
4,FPR95,16,mahalanobispp,420,0.735126
4,FPR95,17,dice,420,0.816218
4,FPR95,18,react,420,0.839798
4,FPR95,19,ashb,420,0.933865
4,FPR95,20,ashs,420,0.942246
4,FPR95,21,ashp,420,0.954607
4,AUPR_OUT,1,rsn_reported,420,0.843133
4,AUPR_OUT,2,openmax,420,0.84228
4,AUPR_OUT,3,msp,420,0.840954
4,AUPR_OUT,4,maxlogit,420,0.840673
4,AUPR_OUT,5,entropy,420,0.840498
4,AUPR_OUT,6,gradnorm,420,0.84017
4,AUPR_OUT,7,gen,420,0.839511
4,AUPR_OUT,8,energy,420,0.838623
4,AUPR_OUT,9,rmd,420,0.837577
4,AUPR_OUT,10,knn,420,0.83112
4,AUPR_OUT,11,scale,420,0.830322
4,AUPR_OUT,12,kl_matching,420,0.820402
4,AUPR_OUT,13,mahalanobis,420,0.788367
4,AUPR_OUT,14,vim,420,0.788095
4,AUPR_OUT,15,nci,420,0.784857
4,AUPR_OUT,16,mahalanobispp,420,0.784116
4,AUPR_OUT,17,dice,420,0.751639
4,AUPR_OUT,18,react,420,0.645976
4,AUPR_OUT,19,ashs,420,0.518418
4,AUPR_OUT,20,ashb,420,0.518004
4,AUPR_OUT,21,ashp,420,0.501515
5,AUROC,1,openmax,336,0.865778
5,AUROC,2,rsn_reported,336,0.862379
5,AUROC,3,msp,336,0.860744
5,AUROC,4,maxlogit,336,0.859113
5,AUROC,5,knn,336,0.856499
5,AUROC,6,entropy,336,0.853
5,AUROC,7,gradnorm,336,0.852483
5,AUROC,8,gen,336,0.84975
5,AUROC,9,energy,336,0.848047
5,AUROC,10,scale,336,0.846565
5,AUROC,11,rmd,336,0.845797
5,AUROC,12,kl_matching,336,0.836222
5,AUROC,13,mahalanobis,336,0.826339
5,AUROC,14,vim,336,0.826204
5,AUROC,15,nci,336,0.825011
5,AUROC,16,mahalanobispp,336,0.823161
5,AUROC,17,dice,336,0.764434
5,AUROC,18,react,336,0.681473
5,AUROC,19,ashs,336,0.54362
5,AUROC,20,ashp,336,0.539387
5,AUROC,21,ashb,336,0.516418
5,FPR95,1,rsn_reported,336,0.595234
5,FPR95,2,rmd,336,0.601826
5,FPR95,3,knn,336,0.6401
5,FPR95,4,openmax,336,0.656373
5,FPR95,5,kl_matching,336,0.662402
5,FPR95,6,energy,336,0.669812
5,FPR95,7,gen,336,0.670032
5,FPR95,8,entropy,336,0.670242
5,FPR95,9,scale,336,0.6705
5,FPR95,10,gradnorm,336,0.671684
5,FPR95,11,maxlogit,336,0.679567
5,FPR95,12,msp,336,0.681303
5,FPR95,13,nci,336,0.762499
5,FPR95,14,mahalanobis,336,0.773237
5,FPR95,15,mahalanobispp,336,0.78212
5,FPR95,16,vim,336,0.784752
5,FPR95,17,dice,336,0.83371
5,FPR95,18,react,336,0.838879
5,FPR95,19,ashb,336,0.936816
5,FPR95,20,ashs,336,0.940381
5,FPR95,21,ashp,336,0.946502
5,AUPR_OUT,1,rmd,336,0.756151
5,AUPR_OUT,2,openmax,336,0.746032
5,AUPR_OUT,3,rsn_reported,336,0.741777
5,AUPR_OUT,4,msp,336,0.736174
5,AUPR_OUT,5,maxlogit,336,0.735371
5,AUPR_OUT,6,entropy,336,0.732611
5,AUPR_OUT,7,gradnorm,336,0.730585
5,AUPR_OUT,8,gen,336,0.730478
5,AUPR_OUT,9,energy,336,0.729421
5,AUPR_OUT,10,scale,336,0.72708
5,AUPR_OUT,11,kl_matching,336,0.726478
5,AUPR_OUT,12,knn,336,0.725532
5,AUPR_OUT,13,nci,336,0.67296
5,AUPR_OUT,14,mahalanobis,336,0.664185
5,AUPR_OUT,15,vim,336,0.659655
5,AUPR_OUT,16,mahalanobispp,336,0.659361
5,AUPR_OUT,17,dice,336,0.617513
5,AUPR_OUT,18,react,336,0.542362
5,AUPR_OUT,19,ashs,336,0.406402
5,AUPR_OUT,20,ashp,336,0.398405
5,AUPR_OUT,21,ashb,336,0.398353
6,AUROC,1,openmax,168,0.853413
6,AUROC,2,msp,168,0.847459
6,AUROC,3,maxlogit,168,0.845568
6,AUROC,4,rsn_reported,168,0.845382
6,AUROC,5,rmd,168,0.840512
6,AUROC,6,knn,168,0.839741
6,AUROC,7,entropy,168,0.835259
6,AUROC,8,kl_matching,168,0.832834
6,AUROC,9,gradnorm,168,0.830579
6,AUROC,10,gen,168,0.83042
6,AUROC,11,energy,168,0.828573
6,AUROC,12,scale,168,0.824629
6,AUROC,13,nci,168,0.812192
6,AUROC,14,mahalanobis,168,0.804893
6,AUROC,15,vim,168,0.802297
6,AUROC,16,mahalanobispp,168,0.801617
6,AUROC,17,dice,168,0.721918
6,AUROC,18,react,168,0.676024
6,AUROC,19,ashp,168,0.538393
6,AUROC,20,ashs,168,0.53473
6,AUROC,21,ashb,168,0.500984
6,FPR95,1,rmd,168,0.624516
6,FPR95,2,rsn_reported,168,0.633589
6,FPR95,3,knn,168,0.683533
6,FPR95,4,kl_matching,168,0.684377
6,FPR95,5,openmax,168,0.686254
6,FPR95,6,gradnorm,168,0.75024
6,FPR95,7,msp,168,0.750647
6,FPR95,8,maxlogit,168,0.750971
6,FPR95,9,entropy,168,0.751498
6,FPR95,10,energy,168,0.752008
6,FPR95,11,gen,168,0.752109
6,FPR95,12,scale,168,0.754488
6,FPR95,13,nci,168,0.805226
6,FPR95,14,mahalanobis,168,0.810184
6,FPR95,15,mahalanobispp,168,0.818296
6,FPR95,16,vim,168,0.824764
6,FPR95,17,dice,168,0.850421
6,FPR95,18,react,168,0.862474
6,FPR95,19,ashs,168,0.942065
6,FPR95,20,ashb,168,0.94308
6,FPR95,21,ashp,168,0.94365
6,AUPR_OUT,1,rmd,168,0.633876
6,AUPR_OUT,2,openmax,168,0.604408
6,AUPR_OUT,3,rsn_reported,168,0.595276
6,AUPR_OUT,4,kl_matching,168,0.59366
6,AUPR_OUT,5,knn,168,0.577471
6,AUPR_OUT,6,msp,168,0.570364
6,AUPR_OUT,7,maxlogit,168,0.568455
6,AUPR_OUT,8,entropy,168,0.557752
6,AUPR_OUT,9,gen,168,0.553911
6,AUPR_OUT,10,gradnorm,168,0.552608
6,AUPR_OUT,11,energy,168,0.552577
6,AUPR_OUT,12,scale,168,0.547387
6,AUPR_OUT,13,nci,168,0.515583
6,AUPR_OUT,14,mahalanobis,168,0.505061
6,AUPR_OUT,15,mahalanobispp,168,0.500567
6,AUPR_OUT,16,vim,168,0.495534
6,AUPR_OUT,17,dice,168,0.447416
6,AUPR_OUT,18,react,168,0.394317
6,AUPR_OUT,19,ashp,168,0.276171
6,AUPR_OUT,20,ashs,168,0.276136
6,AUPR_OUT,21,ashb,168,0.265453
7,AUROC,1,openmax,48,0.834254
7,AUROC,2,msp,48,0.830435
7,AUROC,3,rmd,48,0.828435
7,AUROC,4,maxlogit,48,0.828374
7,AUROC,5,kl_matching,48,0.822657
7,AUROC,6,rsn_reported,48,0.822429
7,AUROC,7,knn,48,0.817101
7,AUROC,8,entropy,48,0.812976
7,AUROC,9,gen,48,0.806822
7,AUROC,10,energy,48,0.804916
7,AUROC,11,scale,48,0.804801
7,AUROC,12,gradnorm,48,0.801538
7,AUROC,13,nci,48,0.793354
7,AUROC,14,mahalanobis,48,0.776996
7,AUROC,15,mahalanobispp,48,0.773643
7,AUROC,16,vim,48,0.772486
7,AUROC,17,react,48,0.746413
7,AUROC,18,dice,48,0.67645
7,AUROC,19,ashs,48,0.549843
7,AUROC,20,ashb,48,0.530316
7,AUROC,21,ashp,48,0.525363
7,FPR95,1,rmd,48,0.643945
7,FPR95,2,rsn_reported,48,0.685728
7,FPR95,3,kl_matching,48,0.70257
7,FPR95,4,openmax,48,0.706946
7,FPR95,5,knn,48,0.735543
7,FPR95,6,react,48,0.814888
7,FPR95,7,msp,48,0.823318
7,FPR95,8,maxlogit,48,0.825712
7,FPR95,9,gradnorm,48,0.834049
7,FPR95,10,entropy,48,0.837108
7,FPR95,11,gen,48,0.838543
7,FPR95,12,energy,48,0.83902
7,FPR95,13,scale,48,0.839882
7,FPR95,14,nci,48,0.846117
7,FPR95,15,mahalanobis,48,0.846273
7,FPR95,16,mahalanobispp,48,0.852433
7,FPR95,17,vim,48,0.859974
7,FPR95,18,dice,48,0.865078
7,FPR95,19,ashb,48,0.932922
7,FPR95,20,ashs,48,0.93445
7,FPR95,21,ashp,48,0.945873
7,AUPR_OUT,1,rmd,48,0.442245
7,AUPR_OUT,2,kl_matching,48,0.397176
7,AUPR_OUT,3,openmax,48,0.396961
7,AUPR_OUT,4,rsn_reported,48,0.388058
7,AUPR_OUT,5,knn,48,0.372852
7,AUPR_OUT,6,msp,48,0.32979
7,AUPR_OUT,7,maxlogit,48,0.327095
7,AUPR_OUT,8,entropy,48,0.308102
7,AUPR_OUT,9,nci,48,0.30708
7,AUPR_OUT,10,mahalanobis,48,0.305681
7,AUPR_OUT,11,gen,48,0.30339
7,AUPR_OUT,12,mahalanobispp,48,0.302569
7,AUPR_OUT,13,energy,48,0.302114
7,AUPR_OUT,14,gradnorm,48,0.301852
7,AUPR_OUT,15,scale,48,0.301652
7,AUPR_OUT,16,vim,48,0.292648
7,AUPR_OUT,17,react,48,0.287435
7,AUPR_OUT,18,dice,48,0.256425
7,AUPR_OUT,19,ashb,48,0.154339
7,AUPR_OUT,20,ashs,48,0.153595
7,AUPR_OUT,21,ashp,48,0.142223
