id_size,method_a,method_b,metric,n,mean_diff,ci_low,ci_high,good_rate
2,rsn_reported,ashb,AUROC,168,0.421113,0.403262,0.438964,1.0
2,rsn_reported,ashb,FPR95,168,0.500261,0.468723,0.531799,0.97619
2,rsn_reported,ashb,AUPR_OUT,168,0.20664,0.195145,0.218135,1.0
2,rsn_reported,ashp,AUROC,168,0.423452,0.409292,0.437613,1.0
2,rsn_reported,ashp,FPR95,168,0.522675,0.494563,0.550787,0.988095
2,rsn_reported,ashp,AUPR_OUT,168,0.220968,0.21048,0.231456,1.0
2,rsn_reported,ashs,AUROC,168,0.428966,0.414292,0.443639,1.0
2,rsn_reported,ashs,FPR95,168,0.517566,0.487568,0.547563,0.982143
2,rsn_reported,ashs,AUPR_OUT,168,0.219526,0.2091,0.229952,1.0
2,rsn_reported,dice,AUROC,168,0.037649,0.03267,0.042629,0.904762
2,rsn_reported,dice,FPR95,168,0.292291,0.26589,0.318692,0.970238
2,rsn_reported,dice,AUPR_OUT,168,0.029806,0.026146,0.033465,0.958333
2,rsn_reported,energy,AUROC,168,0.072915,0.061427,0.084404,0.845238
2,rsn_reported,energy,FPR95,168,0.098636,0.059183,0.138088,0.630952
2,rsn_reported,energy,AUPR_OUT,168,0.023419,0.018032,0.028807,0.714286
2,rsn_reported,entropy,AUROC,168,0.072861,0.061372,0.08435,0.845238
2,rsn_reported,entropy,FPR95,168,0.098537,0.059067,0.138006,0.630952
2,rsn_reported,entropy,AUPR_OUT,168,0.023376,0.017981,0.028771,0.720238
2,rsn_reported,gen,AUROC,168,0.072861,0.061372,0.08435,0.845238
2,rsn_reported,gen,FPR95,168,0.098537,0.059067,0.138006,0.630952
2,rsn_reported,gen,AUPR_OUT,168,0.023376,0.017981,0.028771,0.720238
2,rsn_reported,gradnorm,AUROC,168,0.073908,0.062502,0.085315,0.845238
2,rsn_reported,gradnorm,FPR95,168,0.101855,0.062479,0.141231,0.630952
2,rsn_reported,gradnorm,AUPR_OUT,168,0.023983,0.018584,0.029381,0.714286
2,rsn_reported,kl_matching,AUROC,168,0.117272,0.104887,0.129656,0.988095
2,rsn_reported,kl_matching,FPR95,168,0.119145,0.08026,0.158031,0.64881
2,rsn_reported,kl_matching,AUPR_OUT,168,0.038903,0.032739,0.045068,0.845238
2,rsn_reported,knn,AUROC,168,0.004259,0.002908,0.00561,0.738095
2,rsn_reported,knn,FPR95,168,0.031916,0.025311,0.038522,0.779762
2,rsn_reported,knn,AUPR_OUT,168,0.003022,0.002328,0.003716,0.767857
2,rsn_reported,mahalanobis,AUROC,168,0.015865,0.013519,0.01821,0.803571
2,rsn_reported,mahalanobis,FPR95,168,0.116688,0.101047,0.13233,0.875
2,rsn_reported,mahalanobis,AUPR_OUT,168,0.012001,0.010358,0.013643,0.880952
2,rsn_reported,mahalanobispp,AUROC,168,0.018176,0.015681,0.02067,0.827381
2,rsn_reported,mahalanobispp,FPR95,168,0.131074,0.11435,0.147799,0.892857
2,rsn_reported,mahalanobispp,AUPR_OUT,168,0.013705,0.011877,0.015533,0.916667
2,rsn_reported,maxlogit,AUROC,168,0.072878,0.06139,0.084366,0.845238
2,rsn_reported,maxlogit,FPR95,168,0.098588,0.059122,0.138055,0.630952
2,rsn_reported,maxlogit,AUPR_OUT,168,0.023383,0.017988,0.028777,0.720238
2,rsn_reported,msp,AUROC,168,0.072861,0.061372,0.08435,0.845238
2,rsn_reported,msp,FPR95,168,0.098537,0.059067,0.138006,0.630952
2,rsn_reported,msp,AUPR_OUT,168,0.023376,0.017981,0.028771,0.720238
2,rsn_reported,nci,AUROC,168,0.11797,0.102326,0.133614,0.916667
2,rsn_reported,nci,FPR95,168,0.234142,0.197123,0.27116,0.803571
2,rsn_reported,nci,AUPR_OUT,168,0.054747,0.046454,0.06304,0.940476
2,rsn_reported,openmax,AUROC,168,0.072875,0.061386,0.084363,0.845238
2,rsn_reported,openmax,FPR95,168,0.09856,0.059093,0.138027,0.630952
2,rsn_reported,openmax,AUPR_OUT,168,0.023419,0.018025,0.028813,0.720238
2,rsn_reported,psm,AUROC,168,0.015446,0.012927,0.017965,0.767857
2,rsn_reported,psm,FPR95,168,0.109594,0.09407,0.125119,0.857143
2,rsn_reported,psm,AUPR_OUT,168,0.011408,0.009741,0.013075,0.869048
2,rsn_reported,react,AUROC,168,0.316276,0.294015,0.338537,1.0
2,rsn_reported,react,FPR95,168,0.464221,0.432066,0.496376,0.970238
2,rsn_reported,react,AUPR_OUT,168,0.17026,0.157052,0.183468,1.0
2,rsn_reported,rmd,AUROC,168,0.085429,0.073226,0.097631,0.952381
2,rsn_reported,rmd,FPR95,168,0.138677,0.106373,0.17098,0.755952
2,rsn_reported,rmd,AUPR_OUT,168,0.030307,0.025115,0.0355,0.875
2,rsn_reported,scale,AUROC,168,0.082599,0.070692,0.094506,0.875
2,rsn_reported,scale,FPR95,168,0.111763,0.073068,0.150459,0.654762
2,rsn_reported,scale,AUPR_OUT,168,0.027002,0.02147,0.032534,0.732143
2,rsn_reported,vim,AUROC,168,0.012735,0.01035,0.015119,0.75
2,rsn_reported,vim,FPR95,168,0.112918,0.096231,0.129605,0.85119
2,rsn_reported,vim,AUPR_OUT,168,0.010821,0.009066,0.012576,0.845238
3,rsn_reported,ashb,AUROC,336,0.390616,0.379555,0.401678,1.0
3,rsn_reported,ashb,FPR95,336,0.434397,0.414334,0.45446,0.979167
3,rsn_reported,ashb,AUPR_OUT,336,0.278321,0.26867,0.287972,1.0
3,rsn_reported,ashp,AUROC,336,0.393098,0.384569,0.401627,1.0
3,rsn_reported,ashp,FPR95,336,0.456234,0.438075,0.474392,1.0
3,rsn_reported,ashp,AUPR_OUT,336,0.294306,0.287273,0.301339,1.0
3,rsn_reported,ashs,AUROC,336,0.394282,0.384972,0.403592,1.0
3,rsn_reported,ashs,FPR95,336,0.448023,0.428619,0.467427,0.982143
3,rsn_reported,ashs,AUPR_OUT,336,0.288968,0.281076,0.29686,1.0
3,rsn_reported,dice,AUROC,336,0.05347,0.048748,0.058192,0.895833
3,rsn_reported,dice,FPR95,336,0.288397,0.271731,0.305064,0.955357
3,rsn_reported,dice,AUPR_OUT,336,0.058405,0.054163,0.062646,0.955357
3,rsn_reported,energy,AUROC,336,0.030512,0.022497,0.038528,0.58631
3,rsn_reported,energy,FPR95,336,0.048826,0.023514,0.074138,0.589286
3,rsn_reported,energy,AUPR_OUT,336,0.011073,0.004757,0.017388,0.541667
3,rsn_reported,entropy,AUROC,336,0.027915,0.020151,0.035678,0.577381
3,rsn_reported,entropy,FPR95,336,0.050137,0.024834,0.075441,0.604167
3,rsn_reported,entropy,AUPR_OUT,336,0.010035,0.003804,0.016266,0.53869
3,rsn_reported,gen,AUROC,336,0.028633,0.020797,0.036469,0.580357
3,rsn_reported,gen,FPR95,336,0.049843,0.024538,0.075147,0.60119
3,rsn_reported,gen,AUPR_OUT,336,0.010315,0.00406,0.016569,0.535714
3,rsn_reported,gradnorm,AUROC,336,0.025893,0.018545,0.033241,0.592262
3,rsn_reported,gradnorm,FPR95,336,0.059055,0.033919,0.084191,0.627976
3,rsn_reported,gradnorm,AUPR_OUT,336,0.010051,0.003952,0.01615,0.541667
3,rsn_reported,kl_matching,AUROC,336,0.062947,0.056049,0.069844,0.848214
3,rsn_reported,kl_matching,FPR95,336,0.080468,0.056236,0.104701,0.657738
3,rsn_reported,kl_matching,AUPR_OUT,336,0.029282,0.023227,0.035336,0.693452
3,rsn_reported,knn,AUROC,336,0.005449,0.00433,0.006568,0.729167
3,rsn_reported,knn,FPR95,336,0.0368,0.030467,0.043132,0.717262
3,rsn_reported,knn,AUPR_OUT,336,0.007227,0.006053,0.0084,0.755952
3,rsn_reported,mahalanobis,AUROC,336,0.024421,0.022363,0.026479,0.916667
3,rsn_reported,mahalanobis,FPR95,336,0.153116,0.142667,0.163564,0.979167
3,rsn_reported,mahalanobis,AUPR_OUT,336,0.030968,0.028563,0.033373,0.973214
3,rsn_reported,mahalanobispp,AUROC,336,0.027195,0.025014,0.029375,0.9375
3,rsn_reported,mahalanobispp,FPR95,336,0.165624,0.154658,0.176591,0.982143
3,rsn_reported,mahalanobispp,AUPR_OUT,336,0.034064,0.031466,0.036663,0.985119
3,rsn_reported,maxlogit,AUROC,336,0.025995,0.018525,0.033465,0.571429
3,rsn_reported,maxlogit,FPR95,336,0.061513,0.036096,0.08693,0.639881
3,rsn_reported,maxlogit,AUPR_OUT,336,0.0101,0.003978,0.016222,0.544643
3,rsn_reported,msp,AUROC,336,0.024783,0.017486,0.03208,0.568452
3,rsn_reported,msp,FPR95,336,0.064754,0.039393,0.090115,0.645833
3,rsn_reported,msp,AUPR_OUT,336,0.009925,0.003868,0.015983,0.541667
3,rsn_reported,nci,AUROC,336,0.067222,0.060085,0.074358,0.869048
3,rsn_reported,nci,FPR95,336,0.179136,0.154482,0.203791,0.767857
3,rsn_reported,nci,AUPR_OUT,336,0.053753,0.04674,0.060766,0.797619
3,rsn_reported,openmax,AUROC,336,0.022682,0.015801,0.029562,0.574405
3,rsn_reported,openmax,FPR95,336,0.074519,0.05013,0.098909,0.651786
3,rsn_reported,openmax,AUPR_OUT,336,0.00987,0.004099,0.015642,0.553571
3,rsn_reported,psm,AUROC,336,0.024704,0.022448,0.02696,0.869048
3,rsn_reported,psm,FPR95,336,0.146316,0.135938,0.156694,0.973214
3,rsn_reported,psm,AUPR_OUT,336,0.030305,0.027792,0.032817,0.955357
3,rsn_reported,react,AUROC,336,0.252203,0.23594,0.268465,0.967262
3,rsn_reported,react,FPR95,336,0.371463,0.348329,0.394597,0.946429
3,rsn_reported,react,AUPR_OUT,336,0.197461,0.184871,0.210051,0.949405
3,rsn_reported,rmd,AUROC,336,0.048758,0.041933,0.055583,0.803571
3,rsn_reported,rmd,FPR95,336,0.053329,0.032734,0.073925,0.607143
3,rsn_reported,rmd,AUPR_OUT,336,0.019396,0.013996,0.024796,0.675595
3,rsn_reported,scale,AUROC,336,0.038605,0.029903,0.047307,0.625
3,rsn_reported,scale,FPR95,336,0.057266,0.03186,0.082672,0.607143
3,rsn_reported,scale,AUPR_OUT,336,0.016205,0.009565,0.022845,0.574405
3,rsn_reported,vim,AUROC,336,0.020722,0.018728,0.022716,0.877976
3,rsn_reported,vim,FPR95,336,0.156491,0.145337,0.167644,0.964286
3,rsn_reported,vim,AUPR_OUT,336,0.029287,0.026834,0.031741,0.96131
4,rsn_reported,ashb,AUROC,420,0.367313,0.357105,0.377521,1.0
4,rsn_reported,ashb,FPR95,420,0.38106,0.36336,0.398761,0.969048
4,rsn_reported,ashb,AUPR_OUT,420,0.325129,0.315735,0.334523,1.0
4,rsn_reported,ashp,AUROC,420,0.366669,0.357544,0.375794,1.0
4,rsn_reported,ashp,FPR95,420,0.401803,0.385226,0.41838,0.997619
4,rsn_reported,ashp,AUPR_OUT,420,0.341618,0.333765,0.349471,1.0
4,rsn_reported,ashs,AUROC,420,0.353582,0.343994,0.36317,1.0
4,rsn_reported,ashs,FPR95,420,0.389441,0.371996,0.406887,0.983333
4,rsn_reported,ashs,AUPR_OUT,420,0.324715,0.316302,0.333127,1.0
4,rsn_reported,dice,AUROC,420,0.074573,0.069892,0.079254,0.945238
4,rsn_reported,dice,FPR95,420,0.263413,0.249261,0.277565,0.947619
4,rsn_reported,dice,AUPR_OUT,420,0.091494,0.086189,0.096799,0.961905
4,rsn_reported,energy,AUROC,420,0.016404,0.009193,0.023616,0.492857
4,rsn_reported,energy,FPR95,420,0.046202,0.024104,0.068301,0.559524
4,rsn_reported,energy,AUPR_OUT,420,0.00451,-0.003778,0.012797,0.464286
4,rsn_reported,entropy,AUROC,420,0.012811,0.005993,0.01963,0.483333
4,rsn_reported,entropy,FPR95,420,0.046487,0.024449,0.068525,0.552381
4,rsn_reported,entropy,AUPR_OUT,420,0.002635,-0.005466,0.010735,0.464286
4,rsn_reported,gen,AUROC,420,0.014716,0.007685,0.021747,0.490476
4,rsn_reported,gen,FPR95,420,0.046349,0.024282,0.068416,0.557143
4,rsn_reported,gen,AUPR_OUT,420,0.003622,-0.004579,0.011824,0.464286
4,rsn_reported,gradnorm,AUROC,420,0.01122,0.004866,0.017574,0.480952
4,rsn_reported,gradnorm,FPR95,420,0.049071,0.027523,0.07062,0.571429
4,rsn_reported,gradnorm,AUPR_OUT,420,0.002963,-0.004844,0.010769,0.469048
4,rsn_reported,kl_matching,AUROC,420,0.040801,0.035758,0.045844,0.766667
4,rsn_reported,kl_matching,FPR95,420,0.073028,0.05355,0.092506,0.647619
4,rsn_reported,kl_matching,AUPR_OUT,420,0.022731,0.015933,0.029529,0.607143
4,rsn_reported,knn,AUROC,420,0.005894,0.004797,0.006992,0.688095
4,rsn_reported,knn,FPR95,420,0.042287,0.036305,0.048268,0.72381
4,rsn_reported,knn,AUPR_OUT,420,0.012013,0.010253,0.013773,0.714286
4,rsn_reported,mahalanobis,AUROC,420,0.030921,0.028882,0.03296,0.969048
4,rsn_reported,mahalanobis,FPR95,420,0.172089,0.162391,0.181788,0.990476
4,rsn_reported,mahalanobis,AUPR_OUT,420,0.054766,0.051451,0.058081,1.0
4,rsn_reported,mahalanobispp,AUROC,420,0.03395,0.031777,0.036122,0.985714
4,rsn_reported,mahalanobispp,FPR95,420,0.182321,0.172264,0.192379,0.995238
4,rsn_reported,mahalanobispp,AUPR_OUT,420,0.059017,0.055457,0.062577,1.0
4,rsn_reported,maxlogit,AUROC,420,0.009315,0.003013,0.015616,0.466667
4,rsn_reported,maxlogit,FPR95,420,0.060628,0.039137,0.082118,0.585714
4,rsn_reported,maxlogit,AUPR_OUT,420,0.00246,-0.005283,0.010204,0.457143
4,rsn_reported,msp,AUROC,420,0.007936,0.00184,0.014031,0.457143
4,rsn_reported,msp,FPR95,420,0.064853,0.043537,0.086169,0.6
4,rsn_reported,msp,AUPR_OUT,420,0.002178,-0.005441,0.009798,0.459524
4,rsn_reported,nci,AUROC,420,0.045966,0.04079,0.051141,0.828571
4,rsn_reported,nci,FPR95,420,0.165465,0.144863,0.186067,0.742857
4,rsn_reported,nci,AUPR_OUT,420,0.058276,0.05079,0.065762,0.757143
4,rsn_reported,openmax,AUROC,420,0.004671,-0.0005,0.009843,0.457143
4,rsn_reported,openmax,FPR95,420,0.063064,0.043922,0.082205,0.607143
4,rsn_reported,openmax,AUPR_OUT,420,0.000853,-0.005815,0.007522,0.497619
4,rsn_reported,psm,AUROC,420,0.031623,0.029379,0.033867,0.935714
4,rsn_reported,psm,FPR95,420,0.166107,0.156469,0.175745,0.990476
4,rsn_reported,psm,AUPR_OUT,420,0.054392,0.050922,0.057861,1.0
4,rsn_reported,react,AUROC,420,0.204165,0.18791,0.22042,0.9
4,rsn_reported,react,FPR95,420,0.286993,0.26391,0.310075,0.864286
4,rsn_reported,react,AUPR_OUT,420,0.197157,0.181855,0.212459,0.878571
4,rsn_reported,rmd,AUROC,420,0.030952,0.025617,0.036288,0.669048
4,rsn_reported,rmd,FPR95,420,0.022966,0.005069,0.040864,0.538095
4,rsn_reported,rmd,AUPR_OUT,420,0.005556,-0.000933,0.012045,0.492857
4,rsn_reported,scale,AUROC,420,0.025476,0.017464,0.033489,0.52619
4,rsn_reported,scale,FPR95,420,0.055849,0.033234,0.078465,0.57381
4,rsn_reported,scale,AUPR_OUT,420,0.012811,0.003798,0.021823,0.514286
4,rsn_reported,vim,AUROC,420,0.028659,0.026584,0.030733,0.952381
4,rsn_reported,vim,FPR95,420,0.179525,0.169444,0.189606,0.97619
4,rsn_reported,vim,AUPR_OUT,420,0.055038,0.051579,0.058497,1.0
5,rsn_reported,ashb,AUROC,336,0.345961,0.333391,0.358531,1.0
5,rsn_reported,ashb,FPR95,336,0.341582,0.319808,0.363356,0.949405
5,rsn_reported,ashb,AUPR_OUT,336,0.343424,0.330014,0.356835,1.0
5,rsn_reported,ashp,AUROC,336,0.322992,0.310818,0.335166,0.997024
5,rsn_reported,ashp,FPR95,336,0.351268,0.330729,0.371806,0.982143
5,rsn_reported,ashp,AUPR_OUT,336,0.343372,0.331232,0.355513,0.997024
5,rsn_reported,ashs,AUROC,336,0.318759,0.3059,0.331617,0.997024
5,rsn_reported,ashs,FPR95,336,0.345147,0.323456,0.366839,0.952381
5,rsn_reported,ashs,AUPR_OUT,336,0.335375,0.322112,0.348639,0.997024
5,rsn_reported,dice,AUROC,336,0.097945,0.09248,0.10341,0.994048
5,rsn_reported,dice,FPR95,336,0.238476,0.223038,0.253914,0.96131
5,rsn_reported,dice,AUPR_OUT,336,0.124265,0.117438,0.131091,1.0
5,rsn_reported,energy,AUROC,336,0.014332,0.005597,0.023068,0.46131
5,rsn_reported,energy,FPR95,336,0.074578,0.049323,0.099833,0.595238
5,rsn_reported,energy,AUPR_OUT,336,0.012356,-0.00095,0.025661,0.482143
5,rsn_reported,entropy,AUROC,336,0.009379,0.001209,0.017549,0.446429
5,rsn_reported,entropy,FPR95,336,0.075009,0.049834,0.100183,0.595238
5,rsn_reported,entropy,AUPR_OUT,336,0.009166,-0.003784,0.022116,0.473214
5,rsn_reported,gen,AUROC,336,0.012629,0.004084,0.021173,0.455357
5,rsn_reported,gen,FPR95,336,0.074798,0.049552,0.100044,0.595238
5,rsn_reported,gen,AUPR_OUT,336,0.011299,-0.001892,0.02449,0.479167
5,rsn_reported,gradnorm,AUROC,336,0.009896,0.002205,0.017588,0.440476
5,rsn_reported,gradnorm,FPR95,336,0.07645,0.051919,0.100982,0.604167
5,rsn_reported,gradnorm,AUPR_OUT,336,0.011192,-0.001298,0.023682,0.508929
5,rsn_reported,kl_matching,AUROC,336,0.026157,0.020873,0.03144,0.654762
5,rsn_reported,kl_matching,FPR95,336,0.067169,0.046031,0.088306,0.616071
5,rsn_reported,kl_matching,AUPR_OUT,336,0.0153,0.005322,0.025277,0.550595
5,rsn_reported,knn,AUROC,336,0.00588,0.004521,0.007238,0.684524
5,rsn_reported,knn,FPR95,336,0.044867,0.037714,0.052019,0.714286
5,rsn_reported,knn,AUPR_OUT,336,0.016245,0.013534,0.018956,0.696429
5,rsn_reported,mahalanobis,AUROC,336,0.03604,0.033487,0.038593,0.988095
5,rsn_reported,mahalanobis,FPR95,336,0.178003,0.166004,0.190003,0.994048
5,rsn_reported,mahalanobis,AUPR_OUT,336,0.077592,0.072817,0.082368,1.0
5,rsn_reported,mahalanobispp,AUROC,336,0.039218,0.036476,0.041959,0.991071
5,rsn_reported,mahalanobispp,FPR95,336,0.186886,0.174503,0.199269,1.0
5,rsn_reported,mahalanobispp,AUPR_OUT,336,0.082416,0.077339,0.087493,1.0
5,rsn_reported,maxlogit,AUROC,336,0.003266,-0.004142,0.010674,0.434524
5,rsn_reported,maxlogit,FPR95,336,0.084333,0.06028,0.108386,0.622024
5,rsn_reported,maxlogit,AUPR_OUT,336,0.006406,-0.005696,0.018508,0.485119
5,rsn_reported,msp,AUROC,336,0.001635,-0.005552,0.008822,0.434524
5,rsn_reported,msp,FPR95,336,0.086069,0.062227,0.109911,0.630952
5,rsn_reported,msp,AUPR_OUT,336,0.005603,-0.006298,0.017505,0.485119
5,rsn_reported,nci,AUROC,336,0.037368,0.031555,0.043182,0.767857
5,rsn_reported,nci,FPR95,336,0.167266,0.144805,0.189726,0.78869
5,rsn_reported,nci,AUPR_OUT,336,0.068817,0.058302,0.079333,0.702381
5,rsn_reported,openmax,AUROC,336,-0.003399,-0.0088,0.002002,0.407738
5,rsn_reported,openmax,FPR95,336,0.061139,0.041387,0.080891,0.627976
5,rsn_reported,openmax,AUPR_OUT,336,-0.004254,-0.013411,0.004902,0.440476
5,rsn_reported,psm,AUROC,336,0.036853,0.03403,0.039675,0.985119
5,rsn_reported,psm,FPR95,336,0.172456,0.160614,0.184297,0.997024
5,rsn_reported,psm,AUPR_OUT,336,0.077637,0.072613,0.082661,1.0
5,rsn_reported,react,AUROC,336,0.180906,0.162345,0.199467,0.857143
5,rsn_reported,react,FPR95,336,0.243645,0.219074,0.268216,0.854167
5,rsn_reported,react,AUPR_OUT,336,0.199415,0.18012,0.21871,0.85119
5,rsn_reported,rmd,AUROC,336,0.016582,0.010774,0.02239,0.553571
5,rsn_reported,rmd,FPR95,336,0.006592,-0.013519,0.026704,0.470238
5,rsn_reported,rmd,AUPR_OUT,336,-0.014374,-0.02423,-0.004517,0.39881
5,rsn_reported,scale,AUROC,336,0.015814,0.007176,0.024452,0.470238
5,rsn_reported,scale,FPR95,336,0.075266,0.050098,0.100434,0.595238
5,rsn_reported,scale,AUPR_OUT,336,0.014697,0.001431,0.027963,0.497024
5,rsn_reported,vim,AUROC,336,0.036175,0.033427,0.038923,0.982143
5,rsn_reported,vim,FPR95,336,0.189518,0.177051,0.201985,0.991071
5,rsn_reported,vim,AUPR_OUT,336,0.082122,0.077086,0.087158,1.0
6,rsn_reported,ashb,AUROC,168,0.344399,0.324453,0.364345,0.982143
6,rsn_reported,ashb,FPR95,168,0.30949,0.273107,0.345874,0.946429
6,rsn_reported,ashb,AUPR_OUT,168,0.329823,0.304698,0.354948,0.982143
6,rsn_reported,ashp,AUROC,168,0.306989,0.286082,0.327895,0.97619
6,rsn_reported,ashp,FPR95,168,0.31006,0.274419,0.345702,0.946429
6,rsn_reported,ashp,AUPR_OUT,168,0.319105,0.294384,0.343826,0.970238
6,rsn_reported,ashs,AUROC,168,0.310652,0.290052,0.331253,0.982143
6,rsn_reported,ashs,FPR95,168,0.308476,0.271948,0.345004,0.916667
6,rsn_reported,ashs,AUPR_OUT,168,0.319141,0.293854,0.344427,0.970238
6,rsn_reported,dice,AUROC,168,0.123464,0.114601,0.132327,1.0
6,rsn_reported,dice,FPR95,168,0.216831,0.19255,0.241113,0.89881
6,rsn_reported,dice,AUPR_OUT,168,0.14786,0.137157,0.158563,1.0
6,rsn_reported,energy,AUROC,168,0.01681,0.00258,0.03104,0.446429
6,rsn_reported,energy,FPR95,168,0.118419,0.079945,0.156892,0.577381
6,rsn_reported,energy,AUPR_OUT,168,0.0427,0.0176,0.067799,0.482143
6,rsn_reported,entropy,AUROC,168,0.010124,-0.003134,0.023382,0.440476
6,rsn_reported,entropy,FPR95,168,0.117909,0.079602,0.156217,0.577381
6,rsn_reported,entropy,AUPR_OUT,168,0.037524,0.013188,0.06186,0.464286
6,rsn_reported,gen,AUROC,168,0.014963,0.001,0.028925,0.440476
6,rsn_reported,gen,FPR95,168,0.11852,0.080077,0.156962,0.577381
6,rsn_reported,gen,AUPR_OUT,168,0.041365,0.016457,0.066273,0.482143
6,rsn_reported,gradnorm,AUROC,168,0.014803,0.0021,0.027507,0.446429
6,rsn_reported,gradnorm,FPR95,168,0.11665,0.079202,0.154099,0.607143
6,rsn_reported,gradnorm,AUPR_OUT,168,0.042669,0.018952,0.066385,0.494048
6,rsn_reported,kl_matching,AUROC,168,0.012548,0.004931,0.020166,0.571429
6,rsn_reported,kl_matching,FPR95,168,0.050788,0.020832,0.080743,0.565476
6,rsn_reported,kl_matching,AUPR_OUT,168,0.001617,-0.015066,0.0183,0.39881
6,rsn_reported,knn,AUROC,168,0.005642,0.003354,0.007929,0.684524
6,rsn_reported,knn,FPR95,168,0.049943,0.036873,0.063013,0.696429
6,rsn_reported,knn,AUPR_OUT,168,0.017805,0.013089,0.022522,0.666667
6,rsn_reported,mahalanobis,AUROC,168,0.040489,0.036186,0.044792,0.988095
6,rsn_reported,mahalanobis,FPR95,168,0.176595,0.15422,0.19897,0.928571
6,rsn_reported,mahalanobis,AUPR_OUT,168,0.090215,0.081803,0.098627,1.0
6,rsn_reported,mahalanobispp,AUROC,168,0.043765,0.039135,0.048395,0.988095
6,rsn_reported,mahalanobispp,FPR95,168,0.184707,0.161474,0.20794,0.928571
6,rsn_reported,mahalanobispp,AUPR_OUT,168,0.09471,0.085877,0.103543,1.0
6,rsn_reported,maxlogit,AUROC,168,-0.000186,-0.012099,0.011727,0.434524
6,rsn_reported,maxlogit,FPR95,168,0.117382,0.081092,0.153671,0.571429
6,rsn_reported,maxlogit,AUPR_OUT,168,0.026821,0.004633,0.049009,0.458333
6,rsn_reported,msp,AUROC,168,-0.002077,-0.013707,0.009554,0.434524
6,rsn_reported,msp,FPR95,168,0.117058,0.081095,0.153022,0.571429
6,rsn_reported,msp,AUPR_OUT,168,0.024912,0.003099,0.046726,0.452381
6,rsn_reported,nci,AUROC,168,0.03319,0.023897,0.042484,0.702381
6,rsn_reported,nci,FPR95,168,0.171637,0.137193,0.206081,0.696429
6,rsn_reported,nci,AUPR_OUT,168,0.079694,0.060894,0.098494,0.678571
6,rsn_reported,openmax,AUROC,168,-0.008031,-0.016284,0.000223,0.416667
6,rsn_reported,openmax,FPR95,168,0.052664,0.026832,0.078497,0.541667
6,rsn_reported,openmax,AUPR_OUT,168,-0.009132,-0.023802,0.005538,0.416667
6,rsn_reported,psm,AUROC,168,0.041032,0.036326,0.045737,0.97619
6,rsn_reported,psm,FPR95,168,0.172588,0.150408,0.194767,0.928571
6,rsn_reported,psm,AUPR_OUT,168,0.090672,0.081881,0.099464,1.0
6,rsn_reported,react,AUROC,168,0.169358,0.142384,0.196332,0.815476
6,rsn_reported,react,FPR95,168,0.228885,0.189298,0.268472,0.833333
6,rsn_reported,react,AUPR_OUT,168,0.20096,0.168508,0.233411,0.809524
6,rsn_reported,rmd,AUROC,168,0.00487,-0.004331,0.014071,0.488095
6,rsn_reported,rmd,FPR95,168,-0.009073,-0.03889,0.020744,0.434524
6,rsn_reported,rmd,AUPR_OUT,168,-0.0386,-0.056552,-0.020647,0.255952
6,rsn_reported,scale,AUROC,168,0.020754,0.006399,0.035109,0.470238
6,rsn_reported,scale,FPR95,168,0.120898,0.081964,0.159833,0.583333
6,rsn_reported,scale,AUPR_OUT,168,0.04789,0.022532,0.073247,0.47619
6,rsn_reported,vim,AUROC,168,0.043085,0.038138,0.048033,0.988095
6,rsn_reported,vim,FPR95,168,0.191175,0.167582,0.214768,0.928571
6,rsn_reported,vim,AUPR_OUT,168,0.099743,0.090491,0.108994,1.0
7,rsn_reported,ashb,AUROC,48,0.292112,0.245505,0.33872,0.979167
7,rsn_reported,ashb,FPR95,48,0.247194,0.1547,0.339688,0.75
7,rsn_reported,ashb,AUPR_OUT,48,0.233719,0.170876,0.296562,0.958333
7,rsn_reported,ashp,AUROC,48,0.297066,0.229408,0.364723,0.895833
7,rsn_reported,ashp,FPR95,48,0.260146,0.163868,0.356423,0.8125
7,rsn_reported,ashp,AUPR_OUT,48,0.245834,0.173891,0.317777,0.854167
7,rsn_reported,ashs,AUROC,48,0.272586,0.211724,0.333448,0.875
7,rsn_reported,ashs,FPR95,48,0.248722,0.151173,0.346272,0.708333
7,rsn_reported,ashs,AUPR_OUT,48,0.234463,0.164431,0.304494,0.833333
7,rsn_reported,dice,AUROC,48,0.145979,0.125501,0.166458,1.0
7,rsn_reported,dice,FPR95,48,0.17935,0.120474,0.238226,0.666667
7,rsn_reported,dice,AUPR_OUT,48,0.131632,0.107927,0.155338,1.0
7,rsn_reported,energy,AUROC,48,0.017513,-0.016336,0.051362,0.5625
7,rsn_reported,energy,FPR95,48,0.153292,0.062956,0.243628,0.4375
7,rsn_reported,energy,AUPR_OUT,48,0.085943,0.028755,0.143132,0.5
7,rsn_reported,entropy,AUROC,48,0.009453,-0.022085,0.040991,0.541667
7,rsn_reported,entropy,FPR95,48,0.15138,0.061648,0.241112,0.4375
7,rsn_reported,entropy,AUPR_OUT,48,0.079955,0.024711,0.135199,0.5
7,rsn_reported,gen,AUROC,48,0.015607,-0.017694,0.048908,0.5625
7,rsn_reported,gen,FPR95,48,0.152815,0.062603,0.243027,0.4375
7,rsn_reported,gen,AUPR_OUT,48,0.084667,0.027882,0.141452,0.5
7,rsn_reported,gradnorm,AUROC,48,0.020891,-0.009886,0.051668,0.5
7,rsn_reported,gradnorm,FPR95,48,0.148322,0.05919,0.237453,0.4375
7,rsn_reported,gradnorm,AUPR_OUT,48,0.086206,0.031865,0.140547,0.479167
7,rsn_reported,kl_matching,AUROC,48,-0.000228,-0.016282,0.015827,0.583333
7,rsn_reported,kl_matching,FPR95,48,0.016842,-0.040877,0.074561,0.3125
7,rsn_reported,kl_matching,AUPR_OUT,48,-0.009119,-0.038333,0.020096,0.25
7,rsn_reported,knn,AUROC,48,0.005328,-0.000921,0.011577,0.625
7,rsn_reported,knn,FPR95,48,0.049815,0.015886,0.083744,0.666667
7,rsn_reported,knn,AUPR_OUT,48,0.015206,0.005304,0.025108,0.5625
7,rsn_reported,mahalanobis,AUROC,48,0.045433,0.034573,0.056293,0.958333
7,rsn_reported,mahalanobis,FPR95,48,0.160545,0.09835,0.22274,0.729167
7,rsn_reported,mahalanobis,AUPR_OUT,48,0.082376,0.060852,0.1039,0.9375
7,rsn_reported,mahalanobispp,AUROC,48,0.048786,0.037116,0.060456,0.9375
7,rsn_reported,mahalanobispp,FPR95,48,0.166706,0.102506,0.230905,0.708333
7,rsn_reported,mahalanobispp,AUPR_OUT,48,0.085489,0.063025,0.107953,0.9375
7,rsn_reported,maxlogit,AUROC,48,-0.005945,-0.034019,0.022129,0.5625
7,rsn_reported,maxlogit,FPR95,48,0.139984,0.05625,0.223719,0.4375
7,rsn_reported,maxlogit,AUPR_OUT,48,0.060962,0.012335,0.109589,0.479167
7,rsn_reported,msp,AUROC,48,-0.008006,-0.035616,0.019604,0.541667
7,rsn_reported,msp,FPR95,48,0.13759,0.054618,0.220563,0.4375
7,rsn_reported,msp,AUPR_OUT,48,0.058268,0.010603,0.105932,0.479167
7,rsn_reported,nci,AUROC,48,0.029075,0.007403,0.050747,0.625
7,rsn_reported,nci,FPR95,48,0.160389,0.075491,0.245288,0.4375
7,rsn_reported,nci,AUPR_OUT,48,0.080978,0.036356,0.125599,0.479167
7,rsn_reported,openmax,AUROC,48,-0.011825,-0.033134,0.009483,0.5
7,rsn_reported,openmax,FPR95,48,0.021218,-0.025917,0.068353,0.375
7,rsn_reported,openmax,AUPR_OUT,48,-0.008903,-0.033539,0.015732,0.333333
7,rsn_reported,psm,AUROC,48,0.045058,0.032648,0.057468,0.895833
7,rsn_reported,psm,FPR95,48,0.158744,0.097149,0.220339,0.708333
7,rsn_reported,psm,AUPR_OUT,48,0.083703,0.060966,0.10644,0.916667
7,rsn_reported,react,AUROC,48,0.076016,0.03107,0.120962,0.729167
7,rsn_reported,react,FPR95,48,0.12916,0.04588,0.212439,0.5
7,rsn_reported,react,AUPR_OUT,48,0.100622,0.043404,0.15784,0.604167
7,rsn_reported,rmd,AUROC,48,-0.006007,-0.027192,0.015179,0.416667
7,rsn_reported,rmd,FPR95,48,-0.041783,-0.106317,0.022751,0.270833
7,rsn_reported,rmd,AUPR_OUT,48,-0.054187,-0.092026,-0.016349,0.25
7,rsn_reported,scale,AUROC,48,0.017628,-0.015053,0.05031,0.5625
7,rsn_reported,scale,FPR95,48,0.154154,0.063967,0.244342,0.4375
7,rsn_reported,scale,AUPR_OUT,48,0.086406,0.029278,0.143534,0.5
7,rsn_reported,vim,AUROC,48,0.049943,0.035868,0.064017,0.9375
7,rsn_reported,vim,FPR95,48,0.174246,0.107366,0.241127,0.645833
7,rsn_reported,vim,AUPR_OUT,48,0.095409,0.069699,0.12112,0.9375
