backbone,id_size,method,n,AUROC,FPR95,AUPR_OUT
ALL,2,ashb,168,0.495749,0.930959,0.752388
ALL,2,ashp,168,0.49341,0.953373,0.73806
ALL,2,ashs,168,0.487896,0.948264,0.739502
ALL,2,dice,168,0.879213,0.722989,0.929222
ALL,2,energy,168,0.843947,0.529334,0.935609
ALL,2,entropy,168,0.844001,0.529235,0.935652
ALL,2,gen,168,0.844001,0.529235,0.935652
ALL,2,gradnorm,168,0.842954,0.532553,0.935045
ALL,2,kl_matching,168,0.79959,0.549843,0.920125
ALL,2,knn,168,0.912603,0.462615,0.956006
ALL,2,mahalanobis,168,0.900997,0.547387,0.947027
ALL,2,mahalanobispp,168,0.898686,0.561773,0.945323
ALL,2,maxlogit,168,0.843984,0.529286,0.935645
ALL,2,msp,168,0.844001,0.529235,0.935652
ALL,2,nci,168,0.798892,0.66484,0.904281
ALL,2,openmax,168,0.843987,0.529258,0.935609
ALL,2,react,168,0.600586,0.894919,0.788768
ALL,2,rmd,168,0.831433,0.569375,0.928721
ALL,2,rsn_paper,168,0.908572,0.452207,0.956127
ALL,2,rsn_reported,168,0.916862,0.430698,0.959028
ALL,2,scale,168,0.834263,0.542462,0.932026
ALL,2,vim,168,0.904127,0.543616,0.948207
dinov2_vitb14,2,ashb,84,0.474822,0.936141,0.741004
dinov2_vitb14,2,ashp,84,0.487309,0.953597,0.732635
dinov2_vitb14,2,ashs,84,0.466342,0.95796,0.725099
dinov2_vitb14,2,dice,84,0.859779,0.771064,0.920137
dinov2_vitb14,2,energy,84,0.845543,0.551882,0.934415
dinov2_vitb14,2,entropy,84,0.845537,0.551941,0.934344
dinov2_vitb14,2,gen,84,0.845537,0.551941,0.934344
dinov2_vitb14,2,gradnorm,84,0.844802,0.557629,0.933568
dinov2_vitb14,2,kl_matching,84,0.788899,0.574065,0.914754
dinov2_vitb14,2,knn,84,0.905521,0.485459,0.951965
dinov2_vitb14,2,mahalanobis,84,0.888087,0.593468,0.939628
dinov2_vitb14,2,mahalanobispp,84,0.885051,0.61349,0.937189
dinov2_vitb14,2,maxlogit,84,0.845538,0.551933,0.934346
dinov2_vitb14,2,msp,84,0.845537,0.551941,0.934344
dinov2_vitb14,2,nci,84,0.781838,0.740838,0.890569
dinov2_vitb14,2,openmax,84,0.845528,0.551934,0.934294
dinov2_vitb14,2,react,84,0.60149,0.911334,0.785504
dinov2_vitb14,2,rmd,84,0.800373,0.567027,0.919714
dinov2_vitb14,2,rsn_paper,84,0.906561,0.450367,0.955801
dinov2_vitb14,2,rsn_reported,84,0.910695,0.438441,0.956949
dinov2_vitb14,2,scale,84,0.830629,0.562359,0.929733
dinov2_vitb14,2,vim,84,0.890501,0.591446,0.940597
dinov2_vitl14,2,ashb,84,0.516677,0.925777,0.763772
dinov2_vitl14,2,ashp,84,0.49951,0.953148,0.743484
dinov2_vitl14,2,ashs,84,0.50945,0.938567,0.753904
dinov2_vitl14,2,dice,84,0.898646,0.674914,0.938307
dinov2_vitl14,2,energy,84,0.842351,0.506786,0.936802
dinov2_vitl14,2,entropy,84,0.842465,0.506529,0.93696
dinov2_vitl14,2,gen,84,0.842465,0.506529,0.93696
dinov2_vitl14,2,gradnorm,84,0.841105,0.507477,0.936522
dinov2_vitl14,2,kl_matching,84,0.810282,0.525621,0.925495
dinov2_vitl14,2,knn,84,0.919685,0.43977,0.960047
dinov2_vitl14,2,mahalanobis,84,0.913908,0.501305,0.954427
dinov2_vitl14,2,mahalanobispp,84,0.912322,0.510055,0.953457
dinov2_vitl14,2,maxlogit,84,0.84243,0.50664,0.936944
dinov2_vitl14,2,msp,84,0.842465,0.506529,0.93696
dinov2_vitl14,2,nci,84,0.815946,0.588842,0.917993
dinov2_vitl14,2,openmax,84,0.842447,0.506582,0.936925
dinov2_vitl14,2,react,84,0.599681,0.878505,0.792032
dinov2_vitl14,2,rmd,84,0.862493,0.571722,0.937727
dinov2_vitl14,2,rsn_paper,84,0.910583,0.454046,0.956454
dinov2_vitl14,2,rsn_reported,84,0.923029,0.422956,0.961107
dinov2_vitl14,2,scale,84,0.837897,0.522565,0.934319
dinov2_vitl14,2,vim,84,0.917753,0.495787,0.955817
ALL,3,ashb,336,0.505871,0.934859,0.634221
ALL,3,ashp,336,0.503389,0.956695,0.618235
ALL,3,ashs,336,0.502206,0.948485,0.623574
ALL,3,dice,336,0.843017,0.788859,0.854137
ALL,3,energy,336,0.865975,0.549288,0.901469
ALL,3,entropy,336,0.868573,0.550599,0.902507
ALL,3,gen,336,0.867854,0.550304,0.902227
ALL,3,gradnorm,336,0.870594,0.559517,0.902491
ALL,3,kl_matching,336,0.833541,0.58093,0.88326
ALL,3,knn,336,0.891039,0.537261,0.905315
ALL,3,mahalanobis,336,0.872067,0.653577,0.881574
ALL,3,mahalanobispp,336,0.869293,0.666086,0.878477
ALL,3,maxlogit,336,0.870492,0.561974,0.902442
ALL,3,msp,336,0.871704,0.565216,0.902616
ALL,3,nci,336,0.829266,0.679598,0.858789
ALL,3,openmax,336,0.873806,0.574981,0.902671
ALL,3,react,336,0.644285,0.871925,0.715081
ALL,3,rmd,336,0.847729,0.553791,0.893146
ALL,3,rsn_paper,336,0.88488,0.545759,0.903764
ALL,3,rsn_reported,336,0.896488,0.500462,0.912542
ALL,3,scale,336,0.857883,0.557728,0.896336
ALL,3,vim,336,0.875766,0.656952,0.883254
dinov2_vitb14,3,ashb,168,0.502036,0.934866,0.632386
dinov2_vitb14,3,ashp,168,0.51061,0.959367,0.618447
dinov2_vitb14,3,ashs,168,0.505995,0.951981,0.622082
dinov2_vitb14,3,dice,168,0.81612,0.827499,0.835348
dinov2_vitb14,3,energy,168,0.865776,0.557756,0.899864
dinov2_vitb14,3,entropy,168,0.868384,0.558406,0.900957
dinov2_vitb14,3,gen,168,0.867649,0.558166,0.900657
dinov2_vitb14,3,gradnorm,168,0.870095,0.571894,0.900229
dinov2_vitb14,3,kl_matching,168,0.830603,0.594113,0.880327
dinov2_vitb14,3,knn,168,0.880997,0.555749,0.896446
dinov2_vitb14,3,mahalanobis,168,0.853963,0.708873,0.864086
dinov2_vitb14,3,mahalanobispp,168,0.850243,0.726557,0.859558
dinov2_vitb14,3,maxlogit,168,0.870488,0.57073,0.901001
dinov2_vitb14,3,msp,168,0.871617,0.574753,0.901137
dinov2_vitb14,3,nci,168,0.814633,0.758859,0.838981
dinov2_vitb14,3,openmax,168,0.873194,0.586179,0.900902
dinov2_vitb14,3,react,168,0.673859,0.847853,0.739989
dinov2_vitb14,3,rmd,168,0.842308,0.549759,0.892804
dinov2_vitb14,3,rsn_paper,168,0.881543,0.54697,0.902201
dinov2_vitb14,3,rsn_reported,168,0.887966,0.507885,0.907629
dinov2_vitb14,3,scale,168,0.857382,0.56292,0.895326
dinov2_vitb14,3,vim,168,0.856867,0.714117,0.865427
dinov2_vitl14,3,ashb,168,0.509707,0.934852,0.636056
dinov2_vitl14,3,ashp,168,0.496169,0.954024,0.618023
dinov2_vitl14,3,ashs,168,0.498417,0.944988,0.625066
dinov2_vitl14,3,dice,168,0.869915,0.750219,0.872926
dinov2_vitl14,3,energy,168,0.866175,0.54082,0.903074
dinov2_vitl14,3,entropy,168,0.868761,0.542791,0.904057
dinov2_vitl14,3,gen,168,0.86806,0.542442,0.903797
dinov2_vitl14,3,gradnorm,168,0.871094,0.547139,0.904753
dinov2_vitl14,3,kl_matching,168,0.836479,0.567748,0.886193
dinov2_vitl14,3,knn,168,0.90108,0.518773,0.914184
dinov2_vitl14,3,mahalanobis,168,0.890171,0.598282,0.899061
dinov2_vitl14,3,mahalanobispp,168,0.888343,0.605615,0.897396
dinov2_vitl14,3,maxlogit,168,0.870497,0.553219,0.903883
dinov2_vitl14,3,msp,168,0.871792,0.555679,0.904096
dinov2_vitl14,3,nci,168,0.843899,0.600337,0.878597
dinov2_vitl14,3,openmax,168,0.874418,0.563783,0.904441
dinov2_vitl14,3,react,168,0.61471,0.895996,0.690172
dinov2_vitl14,3,rmd,168,0.853151,0.557822,0.893487
dinov2_vitl14,3,rsn_paper,168,0.888216,0.544548,0.905327
dinov2_vitl14,3,rsn_reported,168,0.905009,0.493039,0.917455
dinov2_vitl14,3,scale,168,0.858383,0.552536,0.897347
dinov2_vitl14,3,vim,168,0.894665,0.599787,0.901082
ALL,4,ashb,420,0.511498,0.933865,0.518004
ALL,4,ashp,420,0.512142,0.954607,0.501515
ALL,4,ashs,420,0.525229,0.942246,0.518418
ALL,4,dice,420,0.804239,0.816218,0.751639
ALL,4,energy,420,0.862407,0.599007,0.838623
ALL,4,entropy,420,0.866,0.599292,0.840498
ALL,4,gen,420,0.864095,0.599154,0.839511
ALL,4,gradnorm,420,0.867591,0.601876,0.84017
ALL,4,kl_matching,420,0.83801,0.625833,0.820402
ALL,4,knn,420,0.872917,0.595091,0.83112
ALL,4,mahalanobis,420,0.847891,0.724894,0.788367
ALL,4,mahalanobispp,420,0.844862,0.735126,0.784116
ALL,4,maxlogit,420,0.869497,0.613432,0.840673
ALL,4,msp,420,0.870876,0.617658,0.840954
ALL,4,nci,420,0.832846,0.71827,0.784857
ALL,4,openmax,420,0.87414,0.615869,0.84228
ALL,4,react,420,0.674646,0.839798,0.645976
ALL,4,rmd,420,0.847859,0.575771,0.837577
ALL,4,rsn_paper,420,0.864964,0.614493,0.82551
ALL,4,rsn_reported,420,0.878812,0.552805,0.843133
ALL,4,scale,420,0.853335,0.608654,0.830322
ALL,4,vim,420,0.850153,0.73233,0.788095
dinov2_vitb14,4,ashb,210,0.528577,0.926224,0.531518
dinov2_vitb14,4,ashp,210,0.529733,0.951864,0.511527
dinov2_vitb14,4,ashs,210,0.55336,0.93604,0.535588
dinov2_vitb14,4,dice,210,0.773393,0.85816,0.720928
dinov2_vitb14,4,energy,210,0.858079,0.604898,0.834805
dinov2_vitb14,4,entropy,210,0.862046,0.604562,0.837004
dinov2_vitb14,4,gen,210,0.859947,0.604679,0.835871
dinov2_vitb14,4,gradnorm,210,0.86292,0.61362,0.835046
dinov2_vitb14,4,kl_matching,210,0.836679,0.631001,0.818457
dinov2_vitb14,4,knn,210,0.86027,0.610071,0.816232
dinov2_vitb14,4,mahalanobis,210,0.825533,0.784389,0.758979
dinov2_vitb14,4,mahalanobispp,210,0.821466,0.798595,0.752756
dinov2_vitb14,4,maxlogit,210,0.866116,0.616503,0.837465
dinov2_vitb14,4,msp,210,0.867636,0.62079,0.83782
dinov2_vitb14,4,nci,210,0.815991,0.793945,0.755638
dinov2_vitb14,4,openmax,210,0.869729,0.619265,0.838437
dinov2_vitb14,4,react,210,0.729789,0.801685,0.696143
dinov2_vitb14,4,rmd,210,0.850701,0.564595,0.843107
dinov2_vitb14,4,rsn_paper,210,0.860579,0.618392,0.82232
dinov2_vitb14,4,rsn_reported,210,0.868121,0.5623,0.834381
dinov2_vitb14,4,scale,210,0.843419,0.616418,0.821957
dinov2_vitb14,4,vim,210,0.826372,0.791592,0.757933
dinov2_vitl14,4,ashb,210,0.49442,0.941506,0.50449
dinov2_vitl14,4,ashp,210,0.494551,0.957351,0.491503
dinov2_vitl14,4,ashs,210,0.497098,0.948452,0.501249
dinov2_vitl14,4,dice,210,0.835085,0.774275,0.78235
dinov2_vitl14,4,energy,210,0.866736,0.593116,0.842442
dinov2_vitl14,4,entropy,210,0.869954,0.594022,0.843992
dinov2_vitl14,4,gen,210,0.868243,0.593629,0.84315
dinov2_vitl14,4,gradnorm,210,0.872263,0.590132,0.845294
dinov2_vitl14,4,kl_matching,210,0.839342,0.620665,0.822347
dinov2_vitl14,4,knn,210,0.885564,0.580112,0.846008
dinov2_vitl14,4,mahalanobis,210,0.870248,0.665398,0.817754
dinov2_vitl14,4,mahalanobispp,210,0.868258,0.671657,0.815475
dinov2_vitl14,4,maxlogit,210,0.872878,0.610362,0.843881
dinov2_vitl14,4,msp,210,0.874116,0.614526,0.844089
dinov2_vitl14,4,nci,210,0.849701,0.642595,0.814077
dinov2_vitl14,4,openmax,210,0.878551,0.612473,0.846122
dinov2_vitl14,4,react,210,0.619503,0.87791,0.595809
dinov2_vitl14,4,rmd,210,0.845017,0.586947,0.832047
dinov2_vitl14,4,rsn_paper,210,0.869349,0.610594,0.828699
dinov2_vitl14,4,rsn_reported,210,0.889502,0.543309,0.851884
dinov2_vitl14,4,scale,210,0.863252,0.60089,0.838688
dinov2_vitl14,4,vim,210,0.873933,0.673068,0.818257
ALL,5,ashb,336,0.516418,0.936816,0.398353
ALL,5,ashp,336,0.539387,0.946502,0.398405
ALL,5,ashs,336,0.54362,0.940381,0.406402
ALL,5,dice,336,0.764434,0.83371,0.617513
ALL,5,energy,336,0.848047,0.669812,0.729421
ALL,5,entropy,336,0.853,0.670242,0.732611
ALL,5,gen,336,0.84975,0.670032,0.730478
ALL,5,gradnorm,336,0.852483,0.671684,0.730585
ALL,5,kl_matching,336,0.836222,0.662402,0.726478
ALL,5,knn,336,0.856499,0.6401,0.725532
ALL,5,mahalanobis,336,0.826339,0.773237,0.664185
ALL,5,mahalanobispp,336,0.823161,0.78212,0.659361
ALL,5,maxlogit,336,0.859113,0.679567,0.735371
ALL,5,msp,336,0.860744,0.681303,0.736174
ALL,5,nci,336,0.825011,0.762499,0.67296
ALL,5,openmax,336,0.865778,0.656373,0.746032
ALL,5,react,336,0.681473,0.838879,0.542362
ALL,5,rmd,336,0.845797,0.601826,0.756151
ALL,5,rsn_paper,336,0.847128,0.668904,0.713666
ALL,5,rsn_reported,336,0.862379,0.595234,0.741777
ALL,5,scale,336,0.846565,0.6705,0.72708
ALL,5,vim,336,0.826204,0.784752,0.659655
dinov2_vitb14,5,ashb,168,0.530483,0.928971,0.409754
dinov2_vitb14,5,ashp,168,0.558103,0.943373,0.408662
dinov2_vitb14,5,ashs,168,0.579037,0.929494,0.430694
dinov2_vitb14,5,dice,168,0.738833,0.869628,0.584819
dinov2_vitb14,5,energy,168,0.838981,0.680599,0.719593
dinov2_vitb14,5,entropy,168,0.844804,0.680456,0.723504
dinov2_vitb14,5,gen,168,0.840949,0.680586,0.720871
dinov2_vitb14,5,gradnorm,168,0.843324,0.688206,0.718434
dinov2_vitb14,5,kl_matching,168,0.833404,0.662589,0.724322
dinov2_vitb14,5,knn,168,0.841404,0.650118,0.704319
dinov2_vitb14,5,mahalanobis,168,0.80033,0.83254,0.624128
dinov2_vitb14,5,mahalanobispp,168,0.79607,0.844532,0.61715
dinov2_vitb14,5,maxlogit,168,0.852276,0.686162,0.72775
dinov2_vitb14,5,msp,168,0.854214,0.687084,0.728845
dinov2_vitb14,5,nci,168,0.804582,0.83287,0.632855
dinov2_vitb14,5,openmax,168,0.859188,0.657096,0.741044
dinov2_vitb14,5,react,168,0.725973,0.811116,0.585758
dinov2_vitb14,5,rmd,168,0.849325,0.584571,0.765397
dinov2_vitb14,5,rsn_paper,168,0.841902,0.674418,0.709413
dinov2_vitb14,5,rsn_reported,168,0.849583,0.608901,0.728329
dinov2_vitb14,5,scale,168,0.836986,0.680664,0.716495
dinov2_vitb14,5,vim,168,0.798003,0.842393,0.618573
dinov2_vitl14,5,ashb,168,0.502353,0.94466,0.386952
dinov2_vitl14,5,ashp,168,0.520671,0.94963,0.388148
dinov2_vitl14,5,ashs,168,0.508204,0.951268,0.38211
dinov2_vitl14,5,dice,168,0.790034,0.797792,0.650206
dinov2_vitl14,5,energy,168,0.857112,0.659025,0.73925
dinov2_vitl14,5,entropy,168,0.861195,0.660029,0.741718
dinov2_vitl14,5,gen,168,0.858552,0.659478,0.740086
dinov2_vitl14,5,gradnorm,168,0.861641,0.655162,0.742737
dinov2_vitl14,5,kl_matching,168,0.83904,0.662216,0.728634
dinov2_vitl14,5,knn,168,0.871595,0.630083,0.746745
dinov2_vitl14,5,mahalanobis,168,0.852349,0.713935,0.704242
dinov2_vitl14,5,mahalanobispp,168,0.850252,0.719708,0.701572
dinov2_vitl14,5,maxlogit,168,0.86595,0.672972,0.742992
dinov2_vitl14,5,msp,168,0.867274,0.675522,0.743503
dinov2_vitl14,5,nci,168,0.845439,0.692128,0.713065
dinov2_vitl14,5,openmax,168,0.872367,0.65565,0.75102
dinov2_vitl14,5,react,168,0.636972,0.866641,0.498966
dinov2_vitl14,5,rmd,168,0.842269,0.619081,0.746905
dinov2_vitl14,5,rsn_paper,168,0.852355,0.663391,0.717919
dinov2_vitl14,5,rsn_reported,168,0.875174,0.581567,0.755226
dinov2_vitl14,5,scale,168,0.856145,0.660336,0.737666
dinov2_vitl14,5,vim,168,0.854405,0.727111,0.700738
ALL,6,ashb,168,0.500984,0.94308,0.265453
ALL,6,ashp,168,0.538393,0.94365,0.276171
ALL,6,ashs,168,0.53473,0.942065,0.276136
ALL,6,dice,168,0.721918,0.850421,0.447416
ALL,6,energy,168,0.828573,0.752008,0.552577
ALL,6,entropy,168,0.835259,0.751498,0.557752
ALL,6,gen,168,0.83042,0.752109,0.553911
ALL,6,gradnorm,168,0.830579,0.75024,0.552608
ALL,6,kl_matching,168,0.832834,0.684377,0.59366
ALL,6,knn,168,0.839741,0.683533,0.577471
ALL,6,mahalanobis,168,0.804893,0.810184,0.505061
ALL,6,mahalanobispp,168,0.801617,0.818296,0.500567
ALL,6,maxlogit,168,0.845568,0.750971,0.568455
ALL,6,msp,168,0.847459,0.750647,0.570364
ALL,6,nci,168,0.812192,0.805226,0.515583
ALL,6,openmax,168,0.853413,0.686254,0.604408
ALL,6,react,168,0.676024,0.862474,0.394317
ALL,6,rmd,168,0.840512,0.624516,0.633876
ALL,6,rsn_paper,168,0.82958,0.715427,0.558049
ALL,6,rsn_reported,168,0.845382,0.633589,0.595276
ALL,6,scale,168,0.824629,0.754488,0.547387
ALL,6,vim,168,0.802297,0.824764,0.495534
dinov2_vitb14,6,ashb,84,0.493539,0.940254,0.263804
dinov2_vitb14,6,ashp,84,0.541668,0.940666,0.278236
dinov2_vitb14,6,ashs,84,0.537675,0.937347,0.279741
dinov2_vitb14,6,dice,84,0.698944,0.886137,0.414376
dinov2_vitb14,6,energy,84,0.813834,0.769274,0.533379
dinov2_vitb14,6,entropy,84,0.821954,0.768141,0.539665
dinov2_vitb14,6,gen,84,0.816041,0.769275,0.534979
dinov2_vitb14,6,gradnorm,84,0.816281,0.774556,0.530519
dinov2_vitb14,6,kl_matching,84,0.827044,0.687326,0.587655
dinov2_vitb14,6,knn,84,0.822009,0.68957,0.552096
dinov2_vitb14,6,mahalanobis,84,0.775356,0.868132,0.460317
dinov2_vitb14,6,mahalanobispp,84,0.770949,0.878194,0.45392
dinov2_vitb14,6,maxlogit,84,0.834288,0.762787,0.5532
dinov2_vitb14,6,msp,84,0.836585,0.761407,0.555581
dinov2_vitb14,6,nci,84,0.787045,0.870665,0.467134
dinov2_vitb14,6,openmax,84,0.845757,0.687265,0.598421
dinov2_vitb14,6,react,84,0.677109,0.863502,0.395457
dinov2_vitb14,6,rmd,84,0.843586,0.605205,0.64402
dinov2_vitb14,6,rsn_paper,84,0.82344,0.721775,0.554368
dinov2_vitb14,6,rsn_reported,84,0.830386,0.652113,0.57779
dinov2_vitb14,6,scale,84,0.805361,0.773313,0.523443
dinov2_vitb14,6,vim,84,0.76989,0.879973,0.45032
dinov2_vitl14,6,ashb,84,0.508428,0.945905,0.267102
dinov2_vitl14,6,ashp,84,0.535119,0.946633,0.274106
dinov2_vitl14,6,ashs,84,0.531785,0.946783,0.27253
dinov2_vitl14,6,dice,84,0.744893,0.814704,0.480456
dinov2_vitl14,6,energy,84,0.843311,0.734742,0.571774
dinov2_vitl14,6,entropy,84,0.848563,0.734856,0.575839
dinov2_vitl14,6,gen,84,0.844798,0.734942,0.572843
dinov2_vitl14,6,gradnorm,84,0.844877,0.725924,0.574696
dinov2_vitl14,6,kl_matching,84,0.838624,0.681428,0.599664
dinov2_vitl14,6,knn,84,0.857473,0.677495,0.602847
dinov2_vitl14,6,mahalanobis,84,0.834431,0.752236,0.549805
dinov2_vitl14,6,mahalanobispp,84,0.832286,0.758399,0.547213
dinov2_vitl14,6,maxlogit,84,0.856849,0.739155,0.583711
dinov2_vitl14,6,msp,84,0.858333,0.739888,0.585147
dinov2_vitl14,6,nci,84,0.83734,0.739787,0.564031
dinov2_vitl14,6,openmax,84,0.861069,0.685242,0.610395
dinov2_vitl14,6,react,84,0.67494,0.861447,0.393177
dinov2_vitl14,6,rmd,84,0.837438,0.643827,0.623732
dinov2_vitl14,6,rsn_paper,84,0.835721,0.709079,0.56173
dinov2_vitl14,6,rsn_reported,84,0.860379,0.615066,0.612762
dinov2_vitl14,6,scale,84,0.843897,0.735662,0.57133
dinov2_vitl14,6,vim,84,0.834704,0.769556,0.540747
ALL,7,ashb,48,0.530316,0.932922,0.154339
ALL,7,ashp,48,0.525363,0.945873,0.142223
ALL,7,ashs,48,0.549843,0.93445,0.153595
ALL,7,dice,48,0.67645,0.865078,0.256425
ALL,7,energy,48,0.804916,0.83902,0.302114
ALL,7,entropy,48,0.812976,0.837108,0.308102
ALL,7,gen,48,0.806822,0.838543,0.30339
ALL,7,gradnorm,48,0.801538,0.834049,0.301852
ALL,7,kl_matching,48,0.822657,0.70257,0.397176
ALL,7,knn,48,0.817101,0.735543,0.372852
ALL,7,mahalanobis,48,0.776996,0.846273,0.305681
ALL,7,mahalanobispp,48,0.773643,0.852433,0.302569
ALL,7,maxlogit,48,0.828374,0.825712,0.327095
ALL,7,msp,48,0.830435,0.823318,0.32979
ALL,7,nci,48,0.793354,0.846117,0.30708
ALL,7,openmax,48,0.834254,0.706946,0.396961
ALL,7,react,48,0.746413,0.814888,0.287435
ALL,7,rmd,48,0.828435,0.643945,0.442245
ALL,7,rsn_paper,48,0.807597,0.764314,0.345343
ALL,7,rsn_reported,48,0.822429,0.685728,0.388058
ALL,7,scale,48,0.804801,0.839882,0.301652
ALL,7,vim,48,0.772486,0.859974,0.292648
dinov2_vitb14,7,ashb,24,0.51831,0.932196,0.155994
dinov2_vitb14,7,ashp,24,0.569689,0.928691,0.162129
dinov2_vitb14,7,ashs,24,0.576714,0.914534,0.172591
dinov2_vitb14,7,dice,24,0.660446,0.896087,0.237415
dinov2_vitb14,7,energy,24,0.783025,0.862307,0.27788
dinov2_vitb14,7,entropy,24,0.793089,0.861486,0.284549
dinov2_vitb14,7,gen,24,0.785371,0.86233,0.279279
dinov2_vitb14,7,gradnorm,24,0.780938,0.862676,0.277205
dinov2_vitb14,7,kl_matching,24,0.811298,0.724765,0.377492
dinov2_vitb14,7,knn,24,0.795446,0.739496,0.349881
dinov2_vitb14,7,mahalanobis,24,0.742859,0.898808,0.267943
dinov2_vitb14,7,mahalanobispp,24,0.738223,0.904491,0.263562
dinov2_vitb14,7,maxlogit,24,0.810636,0.84287,0.304428
dinov2_vitb14,7,msp,24,0.81322,0.840044,0.307346
dinov2_vitb14,7,nci,24,0.761324,0.90907,0.259774
dinov2_vitb14,7,openmax,24,0.827607,0.71833,0.389339
dinov2_vitb14,7,react,24,0.717047,0.84986,0.262627
dinov2_vitb14,7,rmd,24,0.830193,0.647901,0.440101
dinov2_vitb14,7,rsn_paper,24,0.79957,0.77167,0.345778
dinov2_vitb14,7,rsn_reported,24,0.804576,0.708044,0.370791
dinov2_vitb14,7,scale,24,0.782383,0.863114,0.277189
dinov2_vitb14,7,vim,24,0.7353,0.906936,0.255953
dinov2_vitl14,7,ashb,24,0.542323,0.933647,0.152683
dinov2_vitl14,7,ashp,24,0.481037,0.963056,0.122318
dinov2_vitl14,7,ashs,24,0.522972,0.954366,0.134599
dinov2_vitl14,7,dice,24,0.692453,0.834069,0.275435
dinov2_vitl14,7,energy,24,0.826807,0.815732,0.326348
dinov2_vitl14,7,entropy,24,0.832862,0.812729,0.331656
dinov2_vitl14,7,gen,24,0.828273,0.814756,0.327502
dinov2_vitl14,7,gradnorm,24,0.822137,0.805423,0.326498
dinov2_vitl14,7,kl_matching,24,0.834015,0.680374,0.41686
dinov2_vitl14,7,knn,24,0.838756,0.731589,0.395822
dinov2_vitl14,7,mahalanobis,24,0.811133,0.793738,0.34342
dinov2_vitl14,7,mahalanobispp,24,0.809063,0.800376,0.341576
dinov2_vitl14,7,maxlogit,24,0.846111,0.808554,0.349762
dinov2_vitl14,7,msp,24,0.84765,0.806593,0.352234
dinov2_vitl14,7,nci,24,0.825384,0.783164,0.354386
dinov2_vitl14,7,openmax,24,0.840902,0.695562,0.404583
dinov2_vitl14,7,react,24,0.775778,0.779915,0.312243
dinov2_vitl14,7,rmd,24,0.826678,0.639989,0.444389
dinov2_vitl14,7,rsn_paper,24,0.815624,0.756958,0.344907
dinov2_vitl14,7,rsn_reported,24,0.840282,0.663411,0.405324
dinov2_vitl14,7,scale,24,0.827219,0.816651,0.326115
dinov2_vitl14,7,vim,24,0.809673,0.813012,0.329343
