method,split,case_type,rank,path,score,decision_threshold
PULSE,ImageNet-1K-ID,false_reject,1,/home/omote/datasets/openood_official/images_largescale/imagenet_1k/val/ILSVRC2012_val_00030176.JPEG,10.748557090759277,4.07577700614929
PULSE,ImageNet-1K-ID,false_reject,2,/home/omote/datasets/openood_official/images_largescale/imagenet_1k/val/ILSVRC2012_val_00039775.JPEG,10.20235824584961,4.07577700614929
PULSE,ImageNet-1K-ID,false_reject,3,/home/omote/datasets/openood_official/images_largescale/imagenet_1k/val/ILSVRC2012_val_00024714.JPEG,9.162067413330078,4.07577700614929
PULSE,ImageNet-1K-ID,false_reject,4,/home/omote/datasets/openood_official/images_largescale/imagenet_1k/val/ILSVRC2012_val_00049510.JPEG,9.083712577819824,4.07577700614929
PULSE,ImageNet-1K-ID,false_reject,5,/home/omote/datasets/openood_official/images_largescale/imagenet_1k/val/ILSVRC2012_val_00023793.JPEG,9.007881164550781,4.07577700614929
PULSE,ImageNet-1K-ID,false_reject,6,/home/omote/datasets/openood_official/images_largescale/imagenet_1k/val/ILSVRC2012_val_00015889.JPEG,8.917475700378418,4.07577700614929
PULSE,ImageNet-1K-ID,false_reject,7,/home/omote/datasets/openood_official/images_largescale/imagenet_1k/val/ILSVRC2012_val_00011552.JPEG,8.828011512756348,4.07577700614929
PULSE,ImageNet-1K-ID,false_reject,8,/home/omote/datasets/openood_official/images_largescale/imagenet_1k/val/ILSVRC2012_val_00042170.JPEG,8.677757263183594,4.07577700614929
PULSE,ImageNet-1K-ID,false_reject,9,/home/omote/datasets/openood_official/images_largescale/imagenet_1k/val/ILSVRC2012_val_00007238.JPEG,8.615154266357422,4.07577700614929
PULSE,ImageNet-1K-ID,false_reject,10,/home/omote/datasets/openood_official/images_largescale/imagenet_1k/val/ILSVRC2012_val_00001871.JPEG,8.587818145751953,4.07577700614929
PULSE,ImageNet-1K-ID,false_reject,11,/home/omote/datasets/openood_official/images_largescale/imagenet_1k/val/ILSVRC2012_val_00026530.JPEG,8.517609596252441,4.07577700614929
PULSE,ImageNet-1K-ID,false_reject,12,/home/omote/datasets/openood_official/images_largescale/imagenet_1k/val/ILSVRC2012_val_00022554.JPEG,8.439311027526855,4.07577700614929
PULSE,ImageNet-1K-ID,false_reject,13,/home/omote/datasets/openood_official/images_largescale/imagenet_1k/val/ILSVRC2012_val_00013774.JPEG,8.393683433532715,4.07577700614929
PULSE,ImageNet-1K-ID,false_reject,14,/home/omote/datasets/openood_official/images_largescale/imagenet_1k/val/ILSVRC2012_val_00026438.JPEG,8.33332633972168,4.07577700614929
PULSE,ImageNet-1K-ID,false_reject,15,/home/omote/datasets/openood_official/images_largescale/imagenet_1k/val/ILSVRC2012_val_00011647.JPEG,8.21990966796875,4.07577700614929
PULSE,ImageNet-1K-ID,false_reject,16,/home/omote/datasets/openood_official/images_largescale/imagenet_1k/val/ILSVRC2012_val_00026923.JPEG,8.175472259521484,4.07577700614929
PULSE,ImageNet-1K-ID,false_reject,17,/home/omote/datasets/openood_official/images_largescale/imagenet_1k/val/ILSVRC2012_val_00048776.JPEG,8.155427932739258,4.07577700614929
PULSE,ImageNet-1K-ID,false_reject,18,/home/omote/datasets/openood_official/images_largescale/imagenet_1k/val/ILSVRC2012_val_00002310.JPEG,8.130061149597168,4.07577700614929
PULSE,ImageNet-1K-ID,false_reject,19,/home/omote/datasets/openood_official/images_largescale/imagenet_1k/val/ILSVRC2012_val_00045282.JPEG,8.099778175354004,4.07577700614929
PULSE,ImageNet-1K-ID,false_reject,20,/home/omote/datasets/openood_official/images_largescale/imagenet_1k/val/ILSVRC2012_val_00016698.JPEG,8.058701515197754,4.07577700614929
PULSE,ImageNet-1K-ID,false_reject,21,/home/omote/datasets/openood_official/images_largescale/imagenet_1k/val/ILSVRC2012_val_00019149.JPEG,8.048580169677734,4.07577700614929
PULSE,ImageNet-1K-ID,false_reject,22,/home/omote/datasets/openood_official/images_largescale/imagenet_1k/val/ILSVRC2012_val_00015946.JPEG,7.940375328063965,4.07577700614929
PULSE,ImageNet-1K-ID,false_reject,23,/home/omote/datasets/openood_official/images_largescale/imagenet_1k/val/ILSVRC2012_val_00000687.JPEG,7.936344623565674,4.07577700614929
PULSE,ImageNet-1K-ID,false_reject,24,/home/omote/datasets/openood_official/images_largescale/imagenet_1k/val/ILSVRC2012_val_00016646.JPEG,7.9066853523254395,4.07577700614929
PULSE,ImageNet-1K-ID,false_reject,25,/home/omote/datasets/openood_official/images_largescale/imagenet_1k/val/ILSVRC2012_val_00029071.JPEG,7.871065616607666,4.07577700614929
PULSE,ImageNet-1K-ID,false_reject,26,/home/omote/datasets/openood_official/images_largescale/imagenet_1k/val/ILSVRC2012_val_00007039.JPEG,7.829257965087891,4.07577700614929
PULSE,ImageNet-1K-ID,false_reject,27,/home/omote/datasets/openood_official/images_largescale/imagenet_1k/val/ILSVRC2012_val_00023988.JPEG,7.793377876281738,4.07577700614929
PULSE,ImageNet-1K-ID,false_reject,28,/home/omote/datasets/openood_official/images_largescale/imagenet_1k/val/ILSVRC2012_val_00024110.JPEG,7.674201011657715,4.07577700614929
PULSE,ImageNet-1K-ID,false_reject,29,/home/omote/datasets/openood_official/images_largescale/imagenet_1k/val/ILSVRC2012_val_00027724.JPEG,7.651522636413574,4.07577700614929
PULSE,ImageNet-1K-ID,false_reject,30,/home/omote/datasets/openood_official/images_largescale/imagenet_1k/val/ILSVRC2012_val_00013948.JPEG,7.545167446136475,4.07577700614929
PULSE,ImageNet-1K-ID,false_reject,31,/home/omote/datasets/openood_official/images_largescale/imagenet_1k/val/ILSVRC2012_val_00027666.JPEG,7.540868759155273,4.07577700614929
PULSE,ImageNet-1K-ID,false_reject,32,/home/omote/datasets/openood_official/images_largescale/imagenet_1k/val/ILSVRC2012_val_00047352.JPEG,7.534958362579346,4.07577700614929
PULSE,ImageNet-1K-ID,false_reject,33,/home/omote/datasets/openood_official/images_largescale/imagenet_1k/val/ILSVRC2012_val_00022923.JPEG,7.5289082527160645,4.07577700614929
PULSE,ImageNet-1K-ID,false_reject,34,/home/omote/datasets/openood_official/images_largescale/imagenet_1k/val/ILSVRC2012_val_00019758.JPEG,7.518909454345703,4.07577700614929
PULSE,ImageNet-1K-ID,false_reject,35,/home/omote/datasets/openood_official/images_largescale/imagenet_1k/val/ILSVRC2012_val_00006007.JPEG,7.511860370635986,4.07577700614929
PULSE,ImageNet-1K-ID,false_reject,36,/home/omote/datasets/openood_official/images_largescale/imagenet_1k/val/ILSVRC2012_val_00038822.JPEG,7.4486517906188965,4.07577700614929
PULSE,ImageNet-1K-ID,false_reject,37,/home/omote/datasets/openood_official/images_largescale/imagenet_1k/val/ILSVRC2012_val_00042040.JPEG,7.394047737121582,4.07577700614929
PULSE,ImageNet-1K-ID,false_reject,38,/home/omote/datasets/openood_official/images_largescale/imagenet_1k/val/ILSVRC2012_val_00042538.JPEG,7.3734660148620605,4.07577700614929
PULSE,ImageNet-1K-ID,false_reject,39,/home/omote/datasets/openood_official/images_largescale/imagenet_1k/val/ILSVRC2012_val_00012876.JPEG,7.369884014129639,4.07577700614929
PULSE,ImageNet-1K-ID,false_reject,40,/home/omote/datasets/openood_official/images_largescale/imagenet_1k/val/ILSVRC2012_val_00035658.JPEG,7.36681604385376,4.07577700614929
PULSE,ImageNet-1K-ID,false_reject,41,/home/omote/datasets/openood_official/images_largescale/imagenet_1k/val/ILSVRC2012_val_00010469.JPEG,7.341605186462402,4.07577700614929
PULSE,ImageNet-1K-ID,false_reject,42,/home/omote/datasets/openood_official/images_largescale/imagenet_1k/val/ILSVRC2012_val_00030436.JPEG,7.3304877281188965,4.07577700614929
PULSE,ImageNet-1K-ID,false_reject,43,/home/omote/datasets/openood_official/images_largescale/imagenet_1k/val/ILSVRC2012_val_00030535.JPEG,7.310761451721191,4.07577700614929
PULSE,ImageNet-1K-ID,false_reject,44,/home/omote/datasets/openood_official/images_largescale/imagenet_1k/val/ILSVRC2012_val_00009632.JPEG,7.293085098266602,4.07577700614929
PULSE,ImageNet-1K-ID,false_reject,45,/home/omote/datasets/openood_official/images_largescale/imagenet_1k/val/ILSVRC2012_val_00004519.JPEG,7.292792320251465,4.07577700614929
PULSE,ImageNet-1K-ID,false_reject,46,/home/omote/datasets/openood_official/images_largescale/imagenet_1k/val/ILSVRC2012_val_00003863.JPEG,7.226969242095947,4.07577700614929
PULSE,ImageNet-1K-ID,false_reject,47,/home/omote/datasets/openood_official/images_largescale/imagenet_1k/val/ILSVRC2012_val_00032794.JPEG,7.209025859832764,4.07577700614929
PULSE,ImageNet-1K-ID,false_reject,48,/home/omote/datasets/openood_official/images_largescale/imagenet_1k/val/ILSVRC2012_val_00012431.JPEG,7.2078537940979,4.07577700614929
PULSE,ImageNet-1K-ID,false_reject,49,/home/omote/datasets/openood_official/images_largescale/imagenet_1k/val/ILSVRC2012_val_00008807.JPEG,7.173367023468018,4.07577700614929
PULSE,ImageNet-1K-ID,false_reject,50,/home/omote/datasets/openood_official/images_largescale/imagenet_1k/val/ILSVRC2012_val_00043533.JPEG,7.167816638946533,4.07577700614929
RC-MSPS,ImageNet-1K-ID,false_reject,1,/home/omote/datasets/openood_official/images_largescale/imagenet_1k/val/ILSVRC2012_val_00018025.JPEG,-5.923274040222168,-2.867911720275879
RC-MSPS,ImageNet-1K-ID,false_reject,2,/home/omote/datasets/openood_official/images_largescale/imagenet_1k/val/ILSVRC2012_val_00023766.JPEG,-5.91628360748291,-2.867911720275879
RC-MSPS,ImageNet-1K-ID,false_reject,3,/home/omote/datasets/openood_official/images_largescale/imagenet_1k/val/ILSVRC2012_val_00015889.JPEG,-5.821858882904053,-2.867911720275879
RC-MSPS,ImageNet-1K-ID,false_reject,4,/home/omote/datasets/openood_official/images_largescale/imagenet_1k/val/ILSVRC2012_val_00035658.JPEG,-5.662795066833496,-2.867911720275879
RC-MSPS,ImageNet-1K-ID,false_reject,5,/home/omote/datasets/openood_official/images_largescale/imagenet_1k/val/ILSVRC2012_val_00036775.JPEG,-5.6260762214660645,-2.867911720275879
RC-MSPS,ImageNet-1K-ID,false_reject,6,/home/omote/datasets/openood_official/images_largescale/imagenet_1k/val/ILSVRC2012_val_00016698.JPEG,-5.538559436798096,-2.867911720275879
RC-MSPS,ImageNet-1K-ID,false_reject,7,/home/omote/datasets/openood_official/images_largescale/imagenet_1k/val/ILSVRC2012_val_00042170.JPEG,-5.51066780090332,-2.867911720275879
RC-MSPS,ImageNet-1K-ID,false_reject,8,/home/omote/datasets/openood_official/images_largescale/imagenet_1k/val/ILSVRC2012_val_00046618.JPEG,-5.508678913116455,-2.867911720275879
RC-MSPS,ImageNet-1K-ID,false_reject,9,/home/omote/datasets/openood_official/images_largescale/imagenet_1k/val/ILSVRC2012_val_00013774.JPEG,-5.476792335510254,-2.867911720275879
RC-MSPS,ImageNet-1K-ID,false_reject,10,/home/omote/datasets/openood_official/images_largescale/imagenet_1k/val/ILSVRC2012_val_00007039.JPEG,-5.388683795928955,-2.867911720275879
RC-MSPS,ImageNet-1K-ID,false_reject,11,/home/omote/datasets/openood_official/images_largescale/imagenet_1k/val/ILSVRC2012_val_00015946.JPEG,-5.374863624572754,-2.867911720275879
RC-MSPS,ImageNet-1K-ID,false_reject,12,/home/omote/datasets/openood_official/images_largescale/imagenet_1k/val/ILSVRC2012_val_00004481.JPEG,-5.369373798370361,-2.867911720275879
RC-MSPS,ImageNet-1K-ID,false_reject,13,/home/omote/datasets/openood_official/images_largescale/imagenet_1k/val/ILSVRC2012_val_00019758.JPEG,-5.366679668426514,-2.867911720275879
RC-MSPS,ImageNet-1K-ID,false_reject,14,/home/omote/datasets/openood_official/images_largescale/imagenet_1k/val/ILSVRC2012_val_00041631.JPEG,-5.3200507164001465,-2.867911720275879
RC-MSPS,ImageNet-1K-ID,false_reject,15,/home/omote/datasets/openood_official/images_largescale/imagenet_1k/val/ILSVRC2012_val_00003995.JPEG,-5.2990617752075195,-2.867911720275879
RC-MSPS,ImageNet-1K-ID,false_reject,16,/home/omote/datasets/openood_official/images_largescale/imagenet_1k/val/ILSVRC2012_val_00033179.JPEG,-5.264467239379883,-2.867911720275879
RC-MSPS,ImageNet-1K-ID,false_reject,17,/home/omote/datasets/openood_official/images_largescale/imagenet_1k/val/ILSVRC2012_val_00021286.JPEG,-5.260250568389893,-2.867911720275879
RC-MSPS,ImageNet-1K-ID,false_reject,18,/home/omote/datasets/openood_official/images_largescale/imagenet_1k/val/ILSVRC2012_val_00034635.JPEG,-5.226180553436279,-2.867911720275879
RC-MSPS,ImageNet-1K-ID,false_reject,19,/home/omote/datasets/openood_official/images_largescale/imagenet_1k/val/ILSVRC2012_val_00008807.JPEG,-5.173008918762207,-2.867911720275879
RC-MSPS,ImageNet-1K-ID,false_reject,20,/home/omote/datasets/openood_official/images_largescale/imagenet_1k/val/ILSVRC2012_val_00033436.JPEG,-5.169335842132568,-2.867911720275879
RC-MSPS,ImageNet-1K-ID,false_reject,21,/home/omote/datasets/openood_official/images_largescale/imagenet_1k/val/ILSVRC2012_val_00038117.JPEG,-5.162323951721191,-2.867911720275879
RC-MSPS,ImageNet-1K-ID,false_reject,22,/home/omote/datasets/openood_official/images_largescale/imagenet_1k/val/ILSVRC2012_val_00018318.JPEG,-5.123400688171387,-2.867911720275879
RC-MSPS,ImageNet-1K-ID,false_reject,23,/home/omote/datasets/openood_official/images_largescale/imagenet_1k/val/ILSVRC2012_val_00038439.JPEG,-5.120857238769531,-2.867911720275879
RC-MSPS,ImageNet-1K-ID,false_reject,24,/home/omote/datasets/openood_official/images_largescale/imagenet_1k/val/ILSVRC2012_val_00026982.JPEG,-5.107814311981201,-2.867911720275879
RC-MSPS,ImageNet-1K-ID,false_reject,25,/home/omote/datasets/openood_official/images_largescale/imagenet_1k/val/ILSVRC2012_val_00043927.JPEG,-5.097111225128174,-2.867911720275879
RC-MSPS,ImageNet-1K-ID,false_reject,26,/home/omote/datasets/openood_official/images_largescale/imagenet_1k/val/ILSVRC2012_val_00047442.JPEG,-5.091031074523926,-2.867911720275879
RC-MSPS,ImageNet-1K-ID,false_reject,27,/home/omote/datasets/openood_official/images_largescale/imagenet_1k/val/ILSVRC2012_val_00032794.JPEG,-5.084489345550537,-2.867911720275879
RC-MSPS,ImageNet-1K-ID,false_reject,28,/home/omote/datasets/openood_official/images_largescale/imagenet_1k/val/ILSVRC2012_val_00035028.JPEG,-5.080170631408691,-2.867911720275879
RC-MSPS,ImageNet-1K-ID,false_reject,29,/home/omote/datasets/openood_official/images_largescale/imagenet_1k/val/ILSVRC2012_val_00034864.JPEG,-5.074961185455322,-2.867911720275879
RC-MSPS,ImageNet-1K-ID,false_reject,30,/home/omote/datasets/openood_official/images_largescale/imagenet_1k/val/ILSVRC2012_val_00027325.JPEG,-5.053725242614746,-2.867911720275879
RC-MSPS,ImageNet-1K-ID,false_reject,31,/home/omote/datasets/openood_official/images_largescale/imagenet_1k/val/ILSVRC2012_val_00043676.JPEG,-5.049142837524414,-2.867911720275879
RC-MSPS,ImageNet-1K-ID,false_reject,32,/home/omote/datasets/openood_official/images_largescale/imagenet_1k/val/ILSVRC2012_val_00013765.JPEG,-5.038535118103027,-2.867911720275879
RC-MSPS,ImageNet-1K-ID,false_reject,33,/home/omote/datasets/openood_official/images_largescale/imagenet_1k/val/ILSVRC2012_val_00038872.JPEG,-5.022237300872803,-2.867911720275879
RC-MSPS,ImageNet-1K-ID,false_reject,34,/home/omote/datasets/openood_official/images_largescale/imagenet_1k/val/ILSVRC2012_val_00002436.JPEG,-4.951061248779297,-2.867911720275879
RC-MSPS,ImageNet-1K-ID,false_reject,35,/home/omote/datasets/openood_official/images_largescale/imagenet_1k/val/ILSVRC2012_val_00019154.JPEG,-4.945084095001221,-2.867911720275879
RC-MSPS,ImageNet-1K-ID,false_reject,36,/home/omote/datasets/openood_official/images_largescale/imagenet_1k/val/ILSVRC2012_val_00043644.JPEG,-4.933122634887695,-2.867911720275879
RC-MSPS,ImageNet-1K-ID,false_reject,37,/home/omote/datasets/openood_official/images_largescale/imagenet_1k/val/ILSVRC2012_val_00045294.JPEG,-4.914264678955078,-2.867911720275879
RC-MSPS,ImageNet-1K-ID,false_reject,38,/home/omote/datasets/openood_official/images_largescale/imagenet_1k/val/ILSVRC2012_val_00041782.JPEG,-4.91149377822876,-2.867911720275879
RC-MSPS,ImageNet-1K-ID,false_reject,39,/home/omote/datasets/openood_official/images_largescale/imagenet_1k/val/ILSVRC2012_val_00001015.JPEG,-4.9036784172058105,-2.867911720275879
RC-MSPS,ImageNet-1K-ID,false_reject,40,/home/omote/datasets/openood_official/images_largescale/imagenet_1k/val/ILSVRC2012_val_00029028.JPEG,-4.9023566246032715,-2.867911720275879
RC-MSPS,ImageNet-1K-ID,false_reject,41,/home/omote/datasets/openood_official/images_largescale/imagenet_1k/val/ILSVRC2012_val_00022988.JPEG,-4.894540309906006,-2.867911720275879
RC-MSPS,ImageNet-1K-ID,false_reject,42,/home/omote/datasets/openood_official/images_largescale/imagenet_1k/val/ILSVRC2012_val_00049029.JPEG,-4.883045673370361,-2.867911720275879
RC-MSPS,ImageNet-1K-ID,false_reject,43,/home/omote/datasets/openood_official/images_largescale/imagenet_1k/val/ILSVRC2012_val_00003773.JPEG,-4.881525039672852,-2.867911720275879
RC-MSPS,ImageNet-1K-ID,false_reject,44,/home/omote/datasets/openood_official/images_largescale/imagenet_1k/val/ILSVRC2012_val_00040795.JPEG,-4.88047981262207,-2.867911720275879
RC-MSPS,ImageNet-1K-ID,false_reject,45,/home/omote/datasets/openood_official/images_largescale/imagenet_1k/val/ILSVRC2012_val_00046132.JPEG,-4.866742134094238,-2.867911720275879
RC-MSPS,ImageNet-1K-ID,false_reject,46,/home/omote/datasets/openood_official/images_largescale/imagenet_1k/val/ILSVRC2012_val_00013338.JPEG,-4.841740131378174,-2.867911720275879
RC-MSPS,ImageNet-1K-ID,false_reject,47,/home/omote/datasets/openood_official/images_largescale/imagenet_1k/val/ILSVRC2012_val_00045282.JPEG,-4.841187477111816,-2.867911720275879
RC-MSPS,ImageNet-1K-ID,false_reject,48,/home/omote/datasets/openood_official/images_largescale/imagenet_1k/val/ILSVRC2012_val_00046244.JPEG,-4.833052635192871,-2.867911720275879
RC-MSPS,ImageNet-1K-ID,false_reject,49,/home/omote/datasets/openood_official/images_largescale/imagenet_1k/val/ILSVRC2012_val_00000697.JPEG,-4.824262619018555,-2.867911720275879
RC-MSPS,ImageNet-1K-ID,false_reject,50,/home/omote/datasets/openood_official/images_largescale/imagenet_1k/val/ILSVRC2012_val_00032108.JPEG,-4.822484016418457,-2.867911720275879
PULSE,NINCO,false_accept,1,ninco/ozotoceros_bezoarticus/ozotoceros_bezoarticus_024_36631975.jpeg,-2.6228139400482178,4.07577700614929
PULSE,NINCO,false_accept,2,ninco/ozotoceros_bezoarticus/ozotoceros_bezoarticus_009_25959899.jpeg,-2.326061487197876,4.07577700614929
PULSE,NINCO,false_accept,3,ninco/triturus_marmoratus/triturus_marmoratus_081_2307438.jpg,-2.280438184738159,4.07577700614929
PULSE,NINCO,false_accept,4,ninco/tursiops_aduncus/tursiops_aduncus_045_28282748.jpg,-2.210082769393921,4.07577700614929
PULSE,NINCO,false_accept,5,ninco/ozotoceros_bezoarticus/ozotoceros_bezoarticus_041_48398364.jpg,-1.9401962757110596,4.07577700614929
PULSE,NINCO,false_accept,6,ninco/araneus_gemma/araneus_gemma_081_4146615.jpg,-1.8269610404968262,4.07577700614929
PULSE,NINCO,false_accept,7,ninco/pseudorca_crassidens/pseudorca_crassidens_013_21836515.jpg,-1.7405203580856323,4.07577700614929
PULSE,NINCO,false_accept,8,ninco/araneus_gemma/araneus_gemma_089_495225.jpg,-1.702165961265564,4.07577700614929
PULSE,NINCO,false_accept,9,ninco/araneus_gemma/araneus_gemma_062_35505492.jpeg,-1.6154911518096924,4.07577700614929
PULSE,NINCO,false_accept,10,ninco/pseudorca_crassidens/pseudorca_crassidens_003_13823219.jpg,-1.588941216468811,4.07577700614929
PULSE,NINCO,false_accept,11,ninco/pseudorca_crassidens/pseudorca_crassidens_042_53905420.jpeg,-1.5851004123687744,4.07577700614929
PULSE,NINCO,false_accept,12,ninco/Caracal_caracal_caracal/Caracal_caracal_caracal_014_015-31347435.jpg,-1.534553050994873,4.07577700614929
PULSE,NINCO,false_accept,13,ninco/Caracal_caracal_caracal/Caracal_caracal_caracal_074_121-114843368.jpeg,-1.5339847803115845,4.07577700614929
PULSE,NINCO,false_accept,14,ninco/ozotoceros_bezoarticus/ozotoceros_bezoarticus_056_71847150.jpeg,-1.5337690114974976,4.07577700614929
PULSE,NINCO,false_accept,15,ninco/tursiops_aduncus/tursiops_aduncus_060_36529707.jpeg,-1.4403388500213623,4.07577700614929
PULSE,NINCO,false_accept,16,ninco/araneus_gemma/araneus_gemma_034_32133125.jpg,-1.373784065246582,4.07577700614929
PULSE,NINCO,false_accept,17,ninco/ozotoceros_bezoarticus/ozotoceros_bezoarticus_040_47876146.jpeg,-1.332808494567871,4.07577700614929
PULSE,NINCO,false_accept,18,ninco/ozotoceros_bezoarticus/ozotoceros_bezoarticus_031_40685831.jpeg,-1.2597459554672241,4.07577700614929
PULSE,NINCO,false_accept,19,ninco/ozotoceros_bezoarticus/ozotoceros_bezoarticus_037_44440505.jpeg,-1.2585304975509644,4.07577700614929
PULSE,NINCO,false_accept,20,ninco/ozotoceros_bezoarticus/ozotoceros_bezoarticus_077_9330007.jpg,-1.252600073814392,4.07577700614929
PULSE,NINCO,false_accept,21,ninco/ozotoceros_bezoarticus/ozotoceros_bezoarticus_074_90666145.jpeg,-1.171085238456726,4.07577700614929
PULSE,NINCO,false_accept,22,ninco/araneus_gemma/araneus_gemma_000_1045412.jpg,-1.1374834775924683,4.07577700614929
PULSE,NINCO,false_accept,23,ninco/ozotoceros_bezoarticus/ozotoceros_bezoarticus_030_39990033.jpeg,-1.1354026794433594,4.07577700614929
PULSE,NINCO,false_accept,24,ninco/araneus_gemma/araneus_gemma_008_1733400.JPG,-1.1127991676330566,4.07577700614929
PULSE,NINCO,false_accept,25,ninco/skipper_caterpillar/skipper_caterpillar_026_037-19050893.jpg,-1.1116288900375366,4.07577700614929
PULSE,NINCO,false_accept,26,ninco/triturus_marmoratus/triturus_marmoratus_019_14674431.jpeg,-1.102623701095581,4.07577700614929
PULSE,NINCO,false_accept,27,ninco/triturus_marmoratus/triturus_marmoratus_029_16384855.jpg,-1.0869818925857544,4.07577700614929
PULSE,NINCO,false_accept,28,ninco/Caracal_caracal_caracal/Caracal_caracal_caracal_093_183-161463072.jpg,-1.0685296058654785,4.07577700614929
PULSE,NINCO,false_accept,29,ninco/ozotoceros_bezoarticus/ozotoceros_bezoarticus_014_28515220.jpg,-1.0524797439575195,4.07577700614929
PULSE,NINCO,false_accept,30,ninco/ozotoceros_bezoarticus/ozotoceros_bezoarticus_060_75710215.jpg,-1.0382238626480103,4.07577700614929
PULSE,NINCO,false_accept,31,ninco/araneus_gemma/araneus_gemma_069_3652875.JPG,-1.0309123992919922,4.07577700614929
PULSE,NINCO,false_accept,32,ninco/ozotoceros_bezoarticus/ozotoceros_bezoarticus_032_41559966.jpeg,-1.0181686878204346,4.07577700614929
PULSE,NINCO,false_accept,33,ninco/araneus_gemma/araneus_gemma_072_37472951.jpeg,-0.9976549744606018,4.07577700614929
PULSE,NINCO,false_accept,34,ninco/pseudorca_crassidens/pseudorca_crassidens_010_20513027.jpeg,-0.9878843426704407,4.07577700614929
PULSE,NINCO,false_accept,35,ninco/vaccinium_reticulatum/vaccinium_reticulatum_014_14327408.jpeg,-0.9683577418327332,4.07577700614929
PULSE,NINCO,false_accept,36,ninco/araneus_gemma/araneus_gemma_060_3530133.jpg,-0.9525158405303955,4.07577700614929
PULSE,NINCO,false_accept,37,ninco/araneus_gemma/araneus_gemma_058_35185232.jpg,-0.9251695275306702,4.07577700614929
PULSE,NINCO,false_accept,38,ninco/tursiops_aduncus/tursiops_aduncus_099_61325845.jpeg,-0.9248666167259216,4.07577700614929
PULSE,NINCO,false_accept,39,ninco/sepia_apama/sepia_apama_006_10288525.jpg,-0.8892829418182373,4.07577700614929
PULSE,NINCO,false_accept,40,ninco/ozotoceros_bezoarticus/ozotoceros_bezoarticus_045_53328279.jpg,-0.8670380711555481,4.07577700614929
PULSE,NINCO,false_accept,41,ninco/araneus_gemma/araneus_gemma_004_15246572.jpg,-0.8021040558815002,4.07577700614929
PULSE,NINCO,false_accept,42,ninco/triturus_marmoratus/triturus_marmoratus_064_20704843.jpeg,-0.7842859029769897,4.07577700614929
PULSE,NINCO,false_accept,43,ninco/ozotoceros_bezoarticus/ozotoceros_bezoarticus_011_27966778.jpg,-0.7642381191253662,4.07577700614929
PULSE,NINCO,false_accept,44,ninco/ozotoceros_bezoarticus/ozotoceros_bezoarticus_019_35076143.jpeg,-0.7637520432472229,4.07577700614929
PULSE,NINCO,false_accept,45,ninco/spaghetti_bolognese/spaghetti_bolognese_050_1457445.jpg,-0.7438898086547852,4.07577700614929
PULSE,NINCO,false_accept,46,ninco/araneus_gemma/araneus_gemma_095_53272715.jpg,-0.7373473644256592,4.07577700614929
PULSE,NINCO,false_accept,47,ninco/ozotoceros_bezoarticus/ozotoceros_bezoarticus_064_8428318.jpeg,-0.7216531038284302,4.07577700614929
PULSE,NINCO,false_accept,48,ninco/triturus_marmoratus/triturus_marmoratus_069_21063318.jpeg,-0.6920448541641235,4.07577700614929
PULSE,NINCO,false_accept,49,ninco/triturus_marmoratus/triturus_marmoratus_066_20731936.jpg,-0.6892321109771729,4.07577700614929
PULSE,NINCO,false_accept,50,ninco/pseudorca_crassidens/pseudorca_crassidens_031_37545186.jpg,-0.6591950058937073,4.07577700614929
RC-MSPS,NINCO,false_accept,1,ninco/donuts/donuts_064_2661488.jpg,0.14567527174949646,-2.867911720275879
RC-MSPS,NINCO,false_accept,2,ninco/chicken_quesadilla/chicken_quesadilla_089_1558427.jpg,0.14271180331707,-2.867911720275879
RC-MSPS,NINCO,false_accept,3,ninco/donuts/donuts_075_934356.jpg,0.13356292247772217,-2.867911720275879
RC-MSPS,NINCO,false_accept,4,ninco/donuts/donuts_033_392944.jpg,0.07313010096549988,-2.867911720275879
RC-MSPS,NINCO,false_accept,5,ninco/chicken_quesadilla/chicken_quesadilla_013_2468129.jpg,0.02673235535621643,-2.867911720275879
RC-MSPS,NINCO,false_accept,6,ninco/pseudorca_crassidens/pseudorca_crassidens_042_53905420.jpeg,0.005871623754501343,-2.867911720275879
RC-MSPS,NINCO,false_accept,7,ninco/door/door_038_00058.jpg,-0.010069131851196289,-2.867911720275879
RC-MSPS,NINCO,false_accept,8,ninco/sepia_apama/sepia_apama_006_10288525.jpg,-0.01127016544342041,-2.867911720275879
RC-MSPS,NINCO,false_accept,9,ninco/chicken_quesadilla/chicken_quesadilla_093_2898847.jpg,-0.014994382858276367,-2.867911720275879
RC-MSPS,NINCO,false_accept,10,ninco/ozotoceros_bezoarticus/ozotoceros_bezoarticus_031_40685831.jpeg,-0.020865201950073242,-2.867911720275879
RC-MSPS,NINCO,false_accept,11,ninco/tursiops_aduncus/tursiops_aduncus_005_10973534.jpg,-0.02419215440750122,-2.867911720275879
RC-MSPS,NINCO,false_accept,12,ninco/chicken_quesadilla/chicken_quesadilla_088_3175728.jpg,-0.045798659324645996,-2.867911720275879
RC-MSPS,NINCO,false_accept,13,ninco/door/door_057_00087.jpg,-0.04765605926513672,-2.867911720275879
RC-MSPS,NINCO,false_accept,14,ninco/ozotoceros_bezoarticus/ozotoceros_bezoarticus_030_39990033.jpeg,-0.09009373188018799,-2.867911720275879
RC-MSPS,NINCO,false_accept,15,ninco/chicken_quesadilla/chicken_quesadilla_056_1856233.jpg,-0.09624123573303223,-2.867911720275879
RC-MSPS,NINCO,false_accept,16,ninco/chicken_quesadilla/chicken_quesadilla_095_477765.jpg,-0.10054329037666321,-2.867911720275879
RC-MSPS,NINCO,false_accept,17,ninco/spaghetti_bolognese/spaghetti_bolognese_065_1229995.jpg,-0.10935661196708679,-2.867911720275879
RC-MSPS,NINCO,false_accept,18,ninco/chicken_quesadilla/chicken_quesadilla_022_557019.jpg,-0.11048641800880432,-2.867911720275879
RC-MSPS,NINCO,false_accept,19,ninco/triturus_marmoratus/triturus_marmoratus_052_19285787.jpg,-0.1137923002243042,-2.867911720275879
RC-MSPS,NINCO,false_accept,20,ninco/pseudorca_crassidens/pseudorca_crassidens_010_20513027.jpeg,-0.11481517553329468,-2.867911720275879
RC-MSPS,NINCO,false_accept,21,ninco/chicken_quesadilla/chicken_quesadilla_007_2038277.jpg,-0.12481042742729187,-2.867911720275879
RC-MSPS,NINCO,false_accept,22,ninco/arctocephalus_galapagoensis/arctocephalus_galapagoensis_040_34216278.jpg,-0.13554739952087402,-2.867911720275879
RC-MSPS,NINCO,false_accept,23,ninco/chicken_quesadilla/chicken_quesadilla_036_1919435.jpg,-0.13924428820610046,-2.867911720275879
RC-MSPS,NINCO,false_accept,24,ninco/skipper_caterpillar/skipper_caterpillar_026_037-19050893.jpg,-0.13987627625465393,-2.867911720275879
RC-MSPS,NINCO,false_accept,25,ninco/ozotoceros_bezoarticus/ozotoceros_bezoarticus_045_53328279.jpg,-0.14558196067810059,-2.867911720275879
RC-MSPS,NINCO,false_accept,26,ninco/dendrolagus_lumholtzi/dendrolagus_lumholtzi_075_69735696.jpg,-0.15177184343338013,-2.867911720275879
RC-MSPS,NINCO,false_accept,27,ninco/triturus_marmoratus/triturus_marmoratus_002_1094165.JPG,-0.16161459684371948,-2.867911720275879
RC-MSPS,NINCO,false_accept,28,ninco/windsor_chair/windsor_chair_018_image_0019.jpg,-0.16510829329490662,-2.867911720275879
RC-MSPS,NINCO,false_accept,29,ninco/dendrolagus_lumholtzi/dendrolagus_lumholtzi_090_85880340.jpeg,-0.17676997184753418,-2.867911720275879
RC-MSPS,NINCO,false_accept,30,ninco/door/door_075_00113.jpg,-0.18485689163208008,-2.867911720275879
RC-MSPS,NINCO,false_accept,31,ninco/Caracal_caracal_caracal/Caracal_caracal_caracal_074_121-114843368.jpeg,-0.1859782338142395,-2.867911720275879
RC-MSPS,NINCO,false_accept,32,ninco/chicken_quesadilla/chicken_quesadilla_043_1609470.jpg,-0.19132286310195923,-2.867911720275879
RC-MSPS,NINCO,false_accept,33,ninco/spaghetti_bolognese/spaghetti_bolognese_025_774141.jpg,-0.1921212077140808,-2.867911720275879
RC-MSPS,NINCO,false_accept,34,ninco/chicken_quesadilla/chicken_quesadilla_016_1520910.jpg,-0.19313669204711914,-2.867911720275879
RC-MSPS,NINCO,false_accept,35,ninco/vaccinium_reticulatum/vaccinium_reticulatum_014_14327408.jpeg,-0.19436120986938477,-2.867911720275879
RC-MSPS,NINCO,false_accept,36,ninco/windsor_chair/windsor_chair_038_image_0042.jpg,-0.2023598551750183,-2.867911720275879
RC-MSPS,NINCO,false_accept,37,ninco/tapirus_bairdii/tapirus_bairdii_080_24127960.jpeg,-0.2033601999282837,-2.867911720275879
RC-MSPS,NINCO,false_accept,38,ninco/windsor_chair/windsor_chair_039_image_0043.jpg,-0.20626068115234375,-2.867911720275879
RC-MSPS,NINCO,false_accept,39,ninco/chicken_quesadilla/chicken_quesadilla_011_1726312.jpg,-0.20931589603424072,-2.867911720275879
RC-MSPS,NINCO,false_accept,40,ninco/spaghetti_bolognese/spaghetti_bolognese_015_348512.jpg,-0.22031241655349731,-2.867911720275879
RC-MSPS,NINCO,false_accept,41,ninco/triturus_marmoratus/triturus_marmoratus_016_14657201.jpeg,-0.22702735662460327,-2.867911720275879
RC-MSPS,NINCO,false_accept,42,ninco/triturus_marmoratus/triturus_marmoratus_081_2307438.jpg,-0.228213369846344,-2.867911720275879
RC-MSPS,NINCO,false_accept,43,ninco/windsor_chair/windsor_chair_037_image_0041.jpg,-0.2370416224002838,-2.867911720275879
RC-MSPS,NINCO,false_accept,44,ninco/door/door_093_00172.jpg,-0.24276548624038696,-2.867911720275879
RC-MSPS,NINCO,false_accept,45,ninco/chicken_quesadilla/chicken_quesadilla_008_735304.jpg,-0.25982290506362915,-2.867911720275879
RC-MSPS,NINCO,false_accept,46,ninco/door/door_005_00006.jpg,-0.26017284393310547,-2.867911720275879
RC-MSPS,NINCO,false_accept,47,ninco/ozotoceros_bezoarticus/ozotoceros_bezoarticus_053_6594150.jpg,-0.2601739168167114,-2.867911720275879
RC-MSPS,NINCO,false_accept,48,ninco/chicken_quesadilla/chicken_quesadilla_006_1290864.jpg,-0.26036572456359863,-2.867911720275879
RC-MSPS,NINCO,false_accept,49,ninco/door/door_044_00065.jpg,-0.2659604549407959,-2.867911720275879
RC-MSPS,NINCO,false_accept,50,ninco/chicken_quesadilla/chicken_quesadilla_087_2304050.jpg,-0.27542901039123535,-2.867911720275879
PULSE,SSB-hard,false_accept,1,ssb_hard/n12057660/n12057660_1362.JPEG,-4.76204252243042,4.07577700614929
PULSE,SSB-hard,false_accept,2,ssb_hard/n02277268/n02277268_10101.JPEG,-4.665301322937012,4.07577700614929
PULSE,SSB-hard,false_accept,3,ssb_hard/n02282903/n02282903_1077.JPEG,-4.651854515075684,4.07577700614929
PULSE,SSB-hard,false_accept,4,ssb_hard/n12057447/n12057447_1068.JPEG,-4.455170631408691,4.07577700614929
PULSE,SSB-hard,false_accept,5,ssb_hard/n02277268/n02277268_10444.JPEG,-4.41595458984375,4.07577700614929
PULSE,SSB-hard,false_accept,6,ssb_hard/n12058192/n12058192_133.JPEG,-4.41509485244751,4.07577700614929
PULSE,SSB-hard,false_accept,7,ssb_hard/n01757115/n01757115_1152.JPEG,-4.362088680267334,4.07577700614929
PULSE,SSB-hard,false_accept,8,ssb_hard/n12057447/n12057447_1093.JPEG,-4.329031944274902,4.07577700614929
PULSE,SSB-hard,false_accept,9,ssb_hard/n02281015/n02281015_1033.JPEG,-4.29342794418335,4.07577700614929
PULSE,SSB-hard,false_accept,10,ssb_hard/n02391234/n02391234_106.JPEG,-4.240087985992432,4.07577700614929
PULSE,SSB-hard,false_accept,11,ssb_hard/n02391373/n02391373_108.JPEG,-4.240087985992432,4.07577700614929
PULSE,SSB-hard,false_accept,12,ssb_hard/n02277268/n02277268_10271.JPEG,-4.223625659942627,4.07577700614929
PULSE,SSB-hard,false_accept,13,ssb_hard/n01854700/n01854700_1151.JPEG,-4.210709571838379,4.07577700614929
PULSE,SSB-hard,false_accept,14,ssb_hard/n02277268/n02277268_10077.JPEG,-4.207499980926514,4.07577700614929
PULSE,SSB-hard,false_accept,15,ssb_hard/n02277268/n02277268_10247.JPEG,-4.204262733459473,4.07577700614929
PULSE,SSB-hard,false_accept,16,ssb_hard/n12057447/n12057447_1031.JPEG,-4.1782708168029785,4.07577700614929
PULSE,SSB-hard,false_accept,17,ssb_hard/n12058192/n12058192_1142.JPEG,-4.17440128326416,4.07577700614929
PULSE,SSB-hard,false_accept,18,ssb_hard/n01854415/n01854415_10015.JPEG,-4.135838031768799,4.07577700614929
PULSE,SSB-hard,false_accept,19,ssb_hard/n01754876/n01754876_10108.JPEG,-4.1307244300842285,4.07577700614929
PULSE,SSB-hard,false_accept,20,ssb_hard/n02281136/n02281136_1154.JPEG,-4.112631320953369,4.07577700614929
PULSE,SSB-hard,false_accept,21,ssb_hard/n01731941/n01731941_1241.JPEG,-4.094765663146973,4.07577700614929
PULSE,SSB-hard,false_accept,22,ssb_hard/n01854838/n01854838_1194.JPEG,-4.068719863891602,4.07577700614929
PULSE,SSB-hard,false_accept,23,ssb_hard/n01754876/n01754876_10513.JPEG,-4.065560340881348,4.07577700614929
PULSE,SSB-hard,false_accept,24,ssb_hard/n02277268/n02277268_10173.JPEG,-4.061930179595947,4.07577700614929
PULSE,SSB-hard,false_accept,25,ssb_hard/n12057660/n12057660_109.JPEG,-4.033130168914795,4.07577700614929
PULSE,SSB-hard,false_accept,26,ssb_hard/n02422391/n02422391_10422.JPEG,-4.024782657623291,4.07577700614929
PULSE,SSB-hard,false_accept,27,ssb_hard/n02325722/n02325722_1139.JPEG,-4.020561218261719,4.07577700614929
PULSE,SSB-hard,false_accept,28,ssb_hard/n01756089/n01756089_1071.JPEG,-4.009982585906982,4.07577700614929
PULSE,SSB-hard,false_accept,29,ssb_hard/n02325722/n02325722_1157.JPEG,-4.000089168548584,4.07577700614929
PULSE,SSB-hard,false_accept,30,ssb_hard/n02276078/n02276078_10552.JPEG,-3.989555597305298,4.07577700614929
PULSE,SSB-hard,false_accept,31,ssb_hard/n11981192/n11981192_1055.JPEG,-3.9871153831481934,4.07577700614929
PULSE,SSB-hard,false_accept,32,ssb_hard/n03612010/n03612010_10434.JPEG,-3.986729621887207,4.07577700614929
PULSE,SSB-hard,false_accept,33,ssb_hard/n02281015/n02281015_10293.JPEG,-3.9581456184387207,4.07577700614929
PULSE,SSB-hard,false_accept,34,ssb_hard/n12057447/n12057447_1032.JPEG,-3.947211265563965,4.07577700614929
PULSE,SSB-hard,false_accept,35,ssb_hard/n02281136/n02281136_1270.JPEG,-3.945281982421875,4.07577700614929
PULSE,SSB-hard,false_accept,36,ssb_hard/n01667432/n01667432_1161.JPEG,-3.9433810710906982,4.07577700614929
PULSE,SSB-hard,false_accept,37,ssb_hard/n02325722/n02325722_1194.JPEG,-3.9409854412078857,4.07577700614929
PULSE,SSB-hard,false_accept,38,ssb_hard/n02391234/n02391234_1164.JPEG,-3.9384472370147705,4.07577700614929
PULSE,SSB-hard,false_accept,39,ssb_hard/n01735439/n01735439_1183.JPEG,-3.9155361652374268,4.07577700614929
PULSE,SSB-hard,false_accept,40,ssb_hard/n02282385/n02282385_1002.JPEG,-3.8761649131774902,4.07577700614929
PULSE,SSB-hard,false_accept,41,ssb_hard/n02325722/n02325722_1104.JPEG,-3.861143112182617,4.07577700614929
PULSE,SSB-hard,false_accept,42,ssb_hard/n01854700/n01854700_1105.JPEG,-3.840378999710083,4.07577700614929
PULSE,SSB-hard,false_accept,43,ssb_hard/n02325722/n02325722_1074.JPEG,-3.8273842334747314,4.07577700614929
PULSE,SSB-hard,false_accept,44,ssb_hard/n02281015/n02281015_10518.JPEG,-3.8120009899139404,4.07577700614929
PULSE,SSB-hard,false_accept,45,ssb_hard/n01757115/n01757115_1005.JPEG,-3.805337429046631,4.07577700614929
PULSE,SSB-hard,false_accept,46,ssb_hard/n12057447/n12057447_1033.JPEG,-3.782635450363159,4.07577700614929
PULSE,SSB-hard,false_accept,47,ssb_hard/n02391508/n02391508_1236.JPEG,-3.75754451751709,4.07577700614929
PULSE,SSB-hard,false_accept,48,ssb_hard/n01854700/n01854700_1273.JPEG,-3.7448110580444336,4.07577700614929
PULSE,SSB-hard,false_accept,49,ssb_hard/n02281015/n02281015_10316.JPEG,-3.737445116043091,4.07577700614929
PULSE,SSB-hard,false_accept,50,ssb_hard/n04587327/n04587327_10294.JPEG,-3.726700782775879,4.07577700614929
RC-MSPS,SSB-hard,false_accept,1,ssb_hard/n02356381/n02356381_10579.JPEG,0.480316162109375,-2.867911720275879
RC-MSPS,SSB-hard,false_accept,2,ssb_hard/n12058192/n12058192_133.JPEG,0.4776360094547272,-2.867911720275879
RC-MSPS,SSB-hard,false_accept,3,ssb_hard/n02422391/n02422391_10459.JPEG,0.4729541540145874,-2.867911720275879
RC-MSPS,SSB-hard,false_accept,4,ssb_hard/n02276355/n02276355_1116.JPEG,0.4643697142601013,-2.867911720275879
RC-MSPS,SSB-hard,false_accept,5,ssb_hard/n12057447/n12057447_1068.JPEG,0.4577241837978363,-2.867911720275879
RC-MSPS,SSB-hard,false_accept,6,ssb_hard/n01592257/n01592257_10879.JPEG,0.45571935176849365,-2.867911720275879
RC-MSPS,SSB-hard,false_accept,7,ssb_hard/n02357401/n02357401_1103.JPEG,0.45225802063941956,-2.867911720275879
RC-MSPS,SSB-hard,false_accept,8,ssb_hard/n02391234/n02391234_1145.JPEG,0.45060062408447266,-2.867911720275879
RC-MSPS,SSB-hard,false_accept,9,ssb_hard/n02277268/n02277268_10173.JPEG,0.44719648361206055,-2.867911720275879
RC-MSPS,SSB-hard,false_accept,10,ssb_hard/n03099454/n03099454_10700.JPEG,0.4429224133491516,-2.867911720275879
RC-MSPS,SSB-hard,false_accept,11,ssb_hard/n02325722/n02325722_1154.JPEG,0.44196969270706177,-2.867911720275879
RC-MSPS,SSB-hard,false_accept,12,ssb_hard/n02028175/n02028175_1481.JPEG,0.4370621144771576,-2.867911720275879
RC-MSPS,SSB-hard,false_accept,13,ssb_hard/n02117512/n02117512_1171.JPEG,0.43690651655197144,-2.867911720275879
RC-MSPS,SSB-hard,false_accept,14,ssb_hard/n02391234/n02391234_1076.JPEG,0.43630510568618774,-2.867911720275879
RC-MSPS,SSB-hard,false_accept,15,ssb_hard/n03809312/n03809312_1114.JPEG,0.43603700399398804,-2.867911720275879
RC-MSPS,SSB-hard,false_accept,16,ssb_hard/n02391234/n02391234_1097.JPEG,0.434427410364151,-2.867911720275879
RC-MSPS,SSB-hard,false_accept,17,ssb_hard/n01610226/n01610226_10211.JPEG,0.43284574151039124,-2.867911720275879
RC-MSPS,SSB-hard,false_accept,18,ssb_hard/n12057660/n12057660_1362.JPEG,0.4276914596557617,-2.867911720275879
RC-MSPS,SSB-hard,false_accept,19,ssb_hard/n02686121/n02686121_1060.JPEG,0.4271453022956848,-2.867911720275879
RC-MSPS,SSB-hard,false_accept,20,ssb_hard/n04583620/n04583620_10116.JPEG,0.42430776357650757,-2.867911720275879
RC-MSPS,SSB-hard,false_accept,21,ssb_hard/n02391508/n02391508_1103.JPEG,0.4242384433746338,-2.867911720275879
RC-MSPS,SSB-hard,false_accept,22,ssb_hard/n03809312/n03809312_1219.JPEG,0.42376744747161865,-2.867911720275879
RC-MSPS,SSB-hard,false_accept,23,ssb_hard/n02481103/n02481103_10317.JPEG,0.4189756512641907,-2.867911720275879
RC-MSPS,SSB-hard,false_accept,24,ssb_hard/n01857851/n01857851_1013.JPEG,0.41887572407722473,-2.867911720275879
RC-MSPS,SSB-hard,false_accept,25,ssb_hard/n02276355/n02276355_1111.JPEG,0.41866064071655273,-2.867911720275879
RC-MSPS,SSB-hard,false_accept,26,ssb_hard/n02391373/n02391373_1215.JPEG,0.4182386100292206,-2.867911720275879
RC-MSPS,SSB-hard,false_accept,27,ssb_hard/n12057447/n12057447_1071.JPEG,0.418079674243927,-2.867911720275879
RC-MSPS,SSB-hard,false_accept,28,ssb_hard/n03790230/n03790230_10486.JPEG,0.41708844900131226,-2.867911720275879
RC-MSPS,SSB-hard,false_accept,29,ssb_hard/n02025043/n02025043_1060.JPEG,0.4145384430885315,-2.867911720275879
RC-MSPS,SSB-hard,false_accept,30,ssb_hard/n02277268/n02277268_10247.JPEG,0.41447871923446655,-2.867911720275879
RC-MSPS,SSB-hard,false_accept,31,ssb_hard/n01669372/n01669372_1022.JPEG,0.4119716286659241,-2.867911720275879
RC-MSPS,SSB-hard,false_accept,32,ssb_hard/n02391373/n02391373_113.JPEG,0.4107156991958618,-2.867911720275879
RC-MSPS,SSB-hard,false_accept,33,ssb_hard/n02282553/n02282553_1168.JPEG,0.41029661893844604,-2.867911720275879
RC-MSPS,SSB-hard,false_accept,34,ssb_hard/n12057447/n12057447_1033.JPEG,0.4102437496185303,-2.867911720275879
RC-MSPS,SSB-hard,false_accept,35,ssb_hard/n02276078/n02276078_10552.JPEG,0.40800803899765015,-2.867911720275879
RC-MSPS,SSB-hard,false_accept,36,ssb_hard/n02375302/n02375302_10310.JPEG,0.40752872824668884,-2.867911720275879
RC-MSPS,SSB-hard,false_accept,37,ssb_hard/n02686121/n02686121_1044.JPEG,0.40263307094573975,-2.867911720275879
RC-MSPS,SSB-hard,false_accept,38,ssb_hard/n03809312/n03809312_1175.JPEG,0.40201514959335327,-2.867911720275879
RC-MSPS,SSB-hard,false_accept,39,ssb_hard/n12058192/n12058192_1323.JPEG,0.4018450677394867,-2.867911720275879
RC-MSPS,SSB-hard,false_accept,40,ssb_hard/n12057660/n12057660_1085.JPEG,0.4018450677394867,-2.867911720275879
RC-MSPS,SSB-hard,false_accept,41,ssb_hard/n02391234/n02391234_1164.JPEG,0.3984457850456238,-2.867911720275879
RC-MSPS,SSB-hard,false_accept,42,ssb_hard/n02391508/n02391508_1197.JPEG,0.3945336937904358,-2.867911720275879
RC-MSPS,SSB-hard,false_accept,43,ssb_hard/n02025389/n02025389_1038.JPEG,0.3943699598312378,-2.867911720275879
RC-MSPS,SSB-hard,false_accept,44,ssb_hard/n03595860/n03595860_109.JPEG,0.3930448889732361,-2.867911720275879
RC-MSPS,SSB-hard,false_accept,45,ssb_hard/n03099454/n03099454_10588.JPEG,0.3915657699108124,-2.867911720275879
RC-MSPS,SSB-hard,false_accept,46,ssb_hard/n02029087/n02029087_1120.JPEG,0.3909732699394226,-2.867911720275879
RC-MSPS,SSB-hard,false_accept,47,ssb_hard/n02277268/n02277268_1042.JPEG,0.3895573019981384,-2.867911720275879
RC-MSPS,SSB-hard,false_accept,48,ssb_hard/n02391234/n02391234_1131.JPEG,0.38929328322410583,-2.867911720275879
RC-MSPS,SSB-hard,false_accept,49,ssb_hard/n01669372/n01669372_1219.JPEG,0.3872784972190857,-2.867911720275879
RC-MSPS,SSB-hard,false_accept,50,ssb_hard/n03878066/n03878066_10399.JPEG,0.3871721923351288,-2.867911720275879
