scope,id_size,method,n,AUROC,FPR95,AUPR_OUT,AUPR_OUT_BALANCED
id_size=2,2,class_iqr_huber_k150,168,0.916276185933456,0.43477775534350915,0.9583001569253795,0.8897219568586555
id_size=2,2,class_mad_huber_k150,168,0.9163343349546788,0.4344384751061686,0.9584083464532858,0.8899775055084126
id_size=2,2,class_std_euclidean_k150,168,0.9163863127027587,0.4361618563430265,0.9583378661957037,0.8897703512930368
id_size=2,2,class_std_squared_k150,168,0.9161720551422221,0.43782380940237386,0.9579870856897418,0.8888633480382291
id_size=2,2,global_std_euclidean_k150,168,0.9162393566881083,0.4539022529933342,0.9576223531307668,0.8880317528000887
id_size=2,2,global_std_huber_k150,168,0.9168265951611909,0.4468965755416352,0.9583284288927112,0.8898382502858452
id_size=2,2,global_std_squared_k150,168,0.9159889382104852,0.4560594410413009,0.9572288003325911,0.8870396784608326
id_size=2,2,knn_l2_pooled_k50_kth,168,0.9126030075443464,0.46261451622754957,0.9560062240711404,0.884702457737942
id_size=2,2,knn_raw_classwise_k150_mean,168,0.9188889611393275,0.4268339386761436,0.9609952581681371,0.8963612494751574
id_size=2,2,knn_raw_pooled_k150_kth,168,0.9170685061479059,0.44215023013973803,0.9581251849635364,0.8885074655601282
id_size=2,2,knn_raw_pooled_k150_mean,168,0.9180293414885674,0.42893443320214414,0.960644650376925,0.895783237872862
id_size=2,2,l2_class_std_euclidean_k150,168,0.9132985595236605,0.4654362590668927,0.954922770564186,0.8814297192648894
id_size=2,2,l2_class_std_huber_k150,168,0.9137399318158385,0.46114420642930365,0.9555848336544289,0.8830582831409178
id_size=2,2,l2_class_std_squared_k150,168,0.9130779176743732,0.46746495837164775,0.9545754077750155,0.8805652156998207
id_size=2,2,nnguide_k10,168,0.9142090991003972,0.4473216485901278,0.9575902160381421,0.8886474394056327
id_size=2,2,nnguide_k50,168,0.9174209059603894,0.44610104879370105,0.9585629423621507,0.8907877499925893
id_size=2,2,raw_classwise_huber_k150,168,0.9187379238385732,0.42802295361988435,0.9608260314133474,0.8959697247030292
id_size=2,2,raw_classwise_squared_k150,168,0.9186923498927699,0.42786631625648347,0.9607054933348943,0.8955974173172644
id_size=2,2,raw_pooled_huber_k150,168,0.9178927098463296,0.4298262259159418,0.9605011235948124,0.8954485632675745
id_size=2,2,rsn_class_std_huber_calibrated,168,0.9125986418494375,0.4706218766811019,0.9562506585181988,0.8843149621494485
id_size=2,2,rsn_class_std_huber_k150,168,0.9168620068436832,0.43069809194395847,0.9590279117005069,0.8914715721087015
id_size=2,2,rsn_delta075,168,0.9170109050627818,0.4288131896447621,0.9592525403788885,0.8920537880073193
id_size=2,2,rsn_delta100,168,0.9169546641420616,0.42957234977404984,0.959167015962568,0.8918318581835734
id_size=2,2,rsn_delta200,168,0.9166596351362417,0.43321278221898174,0.9587296960811691,0.8907078548232226
id_size=2,2,rsn_delta300,168,0.9163840187157151,0.4360436321872627,0.9583374183491709,0.8897153378328844
id_size=2,2,rsn_equalbank3000,168,0.9130608427498523,0.4727743364740248,0.9548580518694284,0.8805912386631579
id_size=2,2,rsn_k100,168,0.9168869969134859,0.4248517805634579,0.959861480268776,0.8938528400946202
id_size=2,2,rsn_k25,168,0.9154005571413354,0.4130167916003669,0.9602651983412434,0.895107414658848
id_size=2,2,rsn_k300,168,0.9163943030681255,0.44973489127213845,0.9571955146169435,0.8862119479961204
id_size=2,2,rsn_k50,168,0.916661011894338,0.41311976684933444,0.9606810440839365,0.8961041917081564
id_size=2,2,rsn_tau1e1,168,0.9168691950684027,0.4306968930255978,0.9590340457905919,0.8914861281200397
id_size=2,2,rsn_tau1e2,168,0.9168620068436832,0.4306980919439584,0.9590279117005069,0.8914715721087015
id_size=2,2,rsn_tau1e4,168,0.9168620068436832,0.4306980919439584,0.9590279117005069,0.8914715721087015
id_size=3,3,class_iqr_huber_k150,336,0.8959345383693671,0.501936773660306,0.9118401509333506,0.8656267116947745
id_size=3,3,class_mad_huber_k150,336,0.895982104824409,0.5017593881790032,0.9119875748554416,0.865836915424167
id_size=3,3,class_std_squared_k150,336,0.8959031172399231,0.5065490194372696,0.9108311829345908,0.8642660808708968
id_size=3,3,global_std_huber_k150,336,0.8965892629625413,0.5205863580165763,0.9099277531092254,0.8635747834063577
id_size=3,3,knn_l2_pooled_k50_kth,336,0.891038654430367,0.5372612362818989,0.9053150266717088,0.8573708738374622
id_size=3,3,knn_raw_classwise_k150_mean,336,0.8987744188089669,0.5011138358844806,0.9144464935609842,0.8702082357558047
id_size=3,3,knn_raw_pooled_k150_kth,336,0.8970418181411671,0.5043288259467852,0.9110735194627101,0.8647269782229268
id_size=3,3,knn_raw_pooled_k150_mean,336,0.896922632823582,0.5015201480168259,0.9134416646722766,0.8689417389399559
id_size=3,3,nnguide_k10,336,0.8942103742978238,0.542516632644567,0.9068295789650846,0.8590068173100175
id_size=3,3,nnguide_k50,336,0.8973277370522,0.5425298185583664,0.9090229553608291,0.8625197203609337
id_size=3,3,raw_classwise_huber_k150,336,0.8986049359516807,0.5020469983052845,0.9141739192024507,0.8698144681103679
id_size=3,3,raw_classwise_squared_k150,336,0.8986151508864391,0.5010742145981298,0.9139540950723327,0.8694565661222274
id_size=3,3,raw_pooled_huber_k150,336,0.8967710018971111,0.5022229946540729,0.9132453518200292,0.8686563964785405
id_size=3,3,rsn_class_std_huber_calibrated,336,0.8904614386370969,0.5640438814031038,0.9043425566601897,0.8549934894544711
id_size=3,3,rsn_class_std_huber_k150,336,0.8964875280357005,0.5004616655469656,0.912541672262544,0.8668068286937547
id_size=3,3,rsn_equalbank3000,336,0.8923669925448527,0.5364803690368777,0.9059532756195939,0.8567572325583064
id_size=4,4,class_iqr_huber_k150,420,0.8780887304648141,0.5534260589914822,0.8422970974687676,0.8439639252763123
id_size=4,4,class_mad_huber_k150,420,0.8781151484781708,0.553472228202455,0.8423954669288601,0.8440580370724834
id_size=4,4,class_std_euclidean_k150,420,0.8784354767382305,0.558474133420141,0.8413218546550701,0.8431931933894167
id_size=4,4,class_std_squared_k150,420,0.8783095636035297,0.5575073400948867,0.8407910918590288,0.8426300556130452
id_size=4,4,global_std_euclidean_k150,420,0.8787934554750623,0.5809357245155005,0.8362483627687336,0.8390336476450314
id_size=4,4,global_std_huber_k150,420,0.8793495144158883,0.5739898573198013,0.8379999530996709,0.8407876856189795
id_size=4,4,global_std_squared_k150,420,0.8786156899857801,0.5798664498867921,0.8354703060223054,0.8382258760815974
id_size=4,4,knn_l2_pooled_k50_kth,420,0.8729171699975593,0.5950916383109044,0.8311202574921088,0.8340232987270596
id_size=4,4,knn_raw_classwise_k150_mean,420,0.8816155911004964,0.555495915425228,0.8442892021154538,0.8470570155271663
id_size=4,4,knn_raw_pooled_k150_kth,420,0.8795129752247638,0.5519697395219706,0.8414853811691113,0.8440431464003275
id_size=4,4,knn_raw_pooled_k150_mean,420,0.8789245191762864,0.5596344271784818,0.8425842409099183,0.8453348925645154
id_size=4,4,l2_class_std_euclidean_k150,420,0.8757146674920769,0.5841719792644089,0.8338234516439877,0.8357086655244029
id_size=4,4,l2_class_std_huber_k150,420,0.8760647572177656,0.5786940811026328,0.8354704566407447,0.8373427330695402
id_size=4,4,l2_class_std_squared_k150,420,0.8755865153879968,0.5830832129440795,0.8333371635495427,0.8351928558924852
id_size=4,4,nnguide_k10,420,0.8739332147752723,0.619843179202029,0.8268808291668874,0.8297727045594042
id_size=4,4,nnguide_k50,420,0.8783909106219103,0.6165182838038046,0.8329061747816172,0.8360571842222823
id_size=4,4,raw_classwise_huber_k150,420,0.881429996545122,0.5561783559756031,0.8438995414783833,0.8466768953545105
id_size=4,4,raw_classwise_squared_k150,420,0.8814792332181507,0.5543482769468482,0.8436895619840371,0.8464380397066366
id_size=4,4,raw_pooled_huber_k150,420,0.8787599570843183,0.5599747510931828,0.842328328248603,0.8450884509915219
id_size=4,4,rsn_class_std_huber_calibrated,420,0.8722721917662045,0.6280878286048497,0.8279124504364174,0.8303324933671591
id_size=4,4,rsn_class_std_huber_k150,420,0.8788115422534948,0.5528047459041302,0.8431329161695251,0.8449826050520535
id_size=4,4,rsn_delta075,420,0.8789084616431746,0.5515911477136571,0.8436975096843368,0.845548774549276
id_size=4,4,rsn_delta100,420,0.878872097857838,0.5520341104470292,0.8434814561398294,0.8453321356851998
id_size=4,4,rsn_delta200,420,0.8786687465779913,0.5543837467322108,0.84241378679978,0.8442616221102845
id_size=4,4,rsn_delta300,420,0.8784608544340238,0.5562749610439136,0.8415012431177978,0.8433451664608789
id_size=4,4,rsn_equalbank3000,420,0.874102314000395,0.5863145252029661,0.8336674419545482,0.8357859393404126
id_size=4,4,rsn_k100,420,0.8783717705361287,0.5575192530870181,0.8441380927359511,0.8460804247481817
id_size=4,4,rsn_k25,420,0.875299938247271,0.5645444977890918,0.8413002789722516,0.8432752359169862
id_size=4,4,rsn_k300,420,0.8795922871669364,0.5585690103740953,0.8410338847796994,0.842667608495281
id_size=4,4,rsn_k50,420,0.8772569701039608,0.5606792773430938,0.8442463175136447,0.8462384559850348
id_size=4,4,rsn_tau1e1,420,0.8788246284320564,0.5527743344187169,0.8431542751570811,0.8450029059345614
id_size=4,4,rsn_tau1e2,420,0.8788115422534948,0.5528047459041302,0.8431329161695251,0.8449826050520534
id_size=4,4,rsn_tau1e4,420,0.8788115422534948,0.5528047459041302,0.8431329161695251,0.8449826050520534
id_size=5,5,class_iqr_huber_k150,336,0.8614095401840883,0.5953009264976503,0.7406702228778975,0.8225396049849695
id_size=5,5,class_mad_huber_k150,336,0.8614099014241205,0.5952632140996543,0.7406609549306831,0.8225254519479382
id_size=5,5,class_std_squared_k150,336,0.8619489297874546,0.5993815416795393,0.7389546639703416,0.8214737837543783
id_size=5,5,global_std_huber_k150,336,0.863480235846401,0.615823588310787,0.7339117427238232,0.8186221291349645
id_size=5,5,knn_l2_pooled_k50_kth,336,0.8564991259422398,0.6401013254167969,0.7255322474230949,0.8117323290604561
id_size=5,5,knn_raw_classwise_k150_mean,336,0.8658228331148959,0.5997552050059729,0.7416905813626317,0.8243678279633835
id_size=5,5,knn_raw_pooled_k150_kth,336,0.8632564355797211,0.5921448853750504,0.7402961506743158,0.8235027989959036
id_size=5,5,knn_raw_pooled_k150_mean,336,0.8625039750637339,0.6063835393447868,0.7395002427429587,0.8224566942931469
id_size=5,5,nnguide_k10,336,0.8535935862102106,0.6828757397154513,0.7095068397535217,0.8009093106653519
id_size=5,5,nnguide_k50,336,0.8602299472895003,0.6736981434217747,0.7224616686949088,0.8101999892223879
id_size=5,5,raw_classwise_huber_k150,336,0.8656239652359334,0.5999694837707867,0.741212762184586,0.8240337991311338
id_size=5,5,raw_classwise_squared_k150,336,0.8656992498681636,0.5974496183843667,0.7411165028892328,0.8239382611064728
id_size=5,5,raw_pooled_huber_k150,336,0.8623281143998582,0.6065070996638054,0.7391973921721298,0.8222513354772765
id_size=5,5,rsn_class_std_huber_calibrated,336,0.8558422108262043,0.6771235144668304,0.7191601048935224,0.8069552449935051
id_size=5,5,rsn_class_std_huber_k150,336,0.8623789212547452,0.595233882776756,0.7417773815195448,0.8235359150108169
id_size=5,5,rsn_equalbank3000,336,0.8567945364292378,0.6287970461991848,0.7287128789130475,0.8145742206101555
id_size=6,6,class_iqr_huber_k150,168,0.8442004455950083,0.6340374859742428,0.5937115560826287,0.7971457969154757
id_size=6,6,class_mad_huber_k150,168,0.8441704410717497,0.6339446795323276,0.5935703626275924,0.7970957226080079
id_size=6,6,class_std_squared_k150,168,0.845018339170532,0.6371570219380488,0.5923234513672982,0.7962690010196829
id_size=6,6,global_std_huber_k150,168,0.8470085362215349,0.6558659774379106,0.5856361305047902,0.7929894374519506
id_size=6,6,knn_l2_pooled_k50_kth,168,0.8397408139259939,0.6835325193081283,0.5774711811486514,0.7864047222221048
id_size=6,6,knn_raw_classwise_k150_mean,168,0.8494472781588298,0.6423689694345152,0.5940765719956326,0.7981070503052824
id_size=6,6,knn_raw_pooled_k150_kth,168,0.846355275693343,0.6335195809559308,0.5947598261665117,0.7984693947477194
id_size=6,6,knn_raw_pooled_k150_mean,168,0.8456814571115193,0.6503232804831647,0.5918683154035507,0.796208358245353
id_size=6,6,nnguide_k10,168,0.8325640550281083,0.736688244836536,0.5468981638661339,0.7707545200230406
id_size=6,6,nnguide_k50,168,0.8415332559088943,0.723827488675811,0.5681702588240204,0.7818681948610782
id_size=6,6,raw_classwise_huber_k150,168,0.8492353829044939,0.641786243038356,0.5935841492930736,0.7978304555200938
id_size=6,6,raw_classwise_squared_k150,168,0.849324217980157,0.6397020825496995,0.5936699997518671,0.7978650248917225
id_size=6,6,raw_pooled_huber_k150,168,0.845492145934285,0.6500088715542132,0.5915528467042661,0.7960302122683773
id_size=6,6,rsn_class_std_huber_calibrated,168,0.8390785756764549,0.7197031016905564,0.5678856743519924,0.7807321315145092
id_size=6,6,rsn_class_std_huber_k150,168,0.8453824118306738,0.6335892730214432,0.5952763206264686,0.7979217078545114
id_size=6,6,rsn_equalbank3000,168,0.8385308155895016,0.6683303473151969,0.5795880291052287,0.788337533147342
id_size=7,7,class_iqr_huber_k150,48,0.8212262333615253,0.6846508281738216,0.3868730276528965,0.7558866469755383
id_size=7,7,class_mad_huber_k150,48,0.8211555541621132,0.6844988491320843,0.386674010186202,0.7558479568140571
id_size=7,7,class_std_euclidean_k150,48,0.8222841735672922,0.6910323059357909,0.38565994348827476,0.7550787534066261
id_size=7,7,class_std_squared_k150,48,0.8221294307594728,0.6885404533931007,0.3855002378406656,0.7549830757457726
id_size=7,7,global_std_euclidean_k150,48,0.823854365385281,0.715665325808852,0.37630144974511204,0.7510743483163399
id_size=7,7,global_std_huber_k150,48,0.8243152952303271,0.7090828623043327,0.3785209660977074,0.7521673898546508
id_size=7,7,global_std_squared_k150,48,0.8236676205554323,0.711070073633548,0.3759315636819398,0.7507817949452077
id_size=7,7,knn_l2_pooled_k50_kth,48,0.8171009956470966,0.735542595951311,0.37285166610715686,0.7463963495426927
id_size=7,7,knn_raw_classwise_k150_mean,48,0.8269354110241361,0.697988212515603,0.38587891181090656,0.756450275468481
id_size=7,7,knn_raw_pooled_k150_kth,48,0.8230227665452782,0.6901953816485298,0.3891563971685384,0.7560119269543769
id_size=7,7,knn_raw_pooled_k150_mean,48,0.822959429278122,0.707672531762932,0.38426017427316156,0.7547591202125791
id_size=7,7,l2_class_std_euclidean_k150,48,0.8201417878544474,0.7115717102590408,0.37810465362342577,0.7501631251465074
id_size=7,7,l2_class_std_huber_k150,48,0.8202737128639696,0.7055870181697047,0.38010998877360525,0.751030285139036
id_size=7,7,l2_class_std_squared_k150,48,0.8199880651435819,0.7079475929922788,0.3779884460954562,0.7500793106070188
id_size=7,7,nnguide_k10,48,0.8068532940448957,0.7897798671334852,0.33127214620810513,0.7320460579648801
id_size=7,7,nnguide_k50,48,0.8173638844956829,0.7785193137991989,0.3588739981551954,0.7413600925593943
id_size=7,7,raw_classwise_huber_k150,48,0.8267009997967619,0.6975202294819165,0.385544543416206,0.7562029964229868
id_size=7,7,raw_classwise_squared_k150,48,0.8267820812670341,0.6948910388982593,0.38578554972059265,0.7562839109321117
id_size=7,7,raw_pooled_huber_k150,48,0.8227409935735942,0.707284718335626,0.38401953780412285,0.7545527232235857
id_size=7,7,rsn_class_std_huber_calibrated,48,0.8167586243482882,0.7671875620050335,0.36010510135438584,0.7418981418181015
id_size=7,7,rsn_class_std_huber_k150,48,0.8224288435354952,0.6857278658321005,0.388057517974486,0.7560788304074793
id_size=7,7,rsn_delta075,48,0.8224776700366053,0.6850780301696267,0.38871106722108584,0.7563701321934716
id_size=7,7,rsn_delta100,48,0.8224590421475932,0.6853099181646286,0.38845535257566555,0.7562563845152042
id_size=7,7,rsn_delta200,48,0.8223498016667145,0.6867050206691019,0.38725466815186627,0.7557257179623486
id_size=7,7,rsn_delta300,48,0.8222200454360985,0.6877992594523518,0.3862527334248589,0.755292539188471
id_size=7,7,rsn_equalbank3000,48,0.813317921023477,0.7221983357225038,0.3735198296216673,0.7446681817027119
id_size=7,7,rsn_k100,48,0.8223149547938449,0.703862146530753,0.3879837437698072,0.7562783226813209
id_size=7,7,rsn_k25,48,0.8196281413348802,0.7338981887648938,0.37591668719429805,0.7538203974676123
id_size=7,7,rsn_k300,48,0.822592624764952,0.6928780130327405,0.38589009089584403,0.7549256956861122
id_size=7,7,rsn_k50,48,0.8213381543431426,0.7293223984471138,0.3838683449517338,0.7554611341653902
id_size=7,7,rsn_tau1e1,48,0.8224441046234521,0.6856568965060394,0.38808581154831173,0.7561002456091269
id_size=7,7,rsn_tau1e2,48,0.8224288435354953,0.6857278658321005,0.388057517974486,0.7560788304074793
id_size=7,7,rsn_tau1e4,48,0.8224288435354953,0.6857278658321005,0.388057517974486,0.7560788304074793
m2_m7_equal_weight,ALL,class_iqr_huber_k150,1476,0.8695226123180432,0.5673549714401686,0.7389487019901534,0.8291474404509543
m2_m7_equal_weight,ALL,class_mad_huber_k150,1476,0.8695279141525404,0.5672294723752822,0.7389494526636775,0.8292235982291777
m2_m7_equal_weight,ALL,class_std_euclidean_k150,636,0.8723686543360939,0.5618894318996528,0.7284398881130162,0.8293474326963599
m2_m7_equal_weight,ALL,class_std_squared_k150,1476,0.8699135726171892,0.5711598643242032,0.7377312856102778,0.8280808908403342
m2_m7_equal_weight,ALL,global_std_euclidean_k150,636,0.8729623925161505,0.5835011011058956,0.7233907218815375,0.8260465829204867
m2_m7_equal_weight,ALL,global_std_huber_k150,1476,0.8712615733063139,0.5870408698218406,0.7340541624046547,0.8263299459587913
m2_m7_equal_weight,ALL,global_std_squared_k150,636,0.8727574162505659,0.5823319881872137,0.7228768900122788,0.8253491164958794
m2_m7_equal_weight,ALL,knn_l2_pooled_k50_kth,1476,0.864983294581267,0.6090239719160981,0.728049433818977,0.8201050051879527
m2_m7_equal_weight,ALL,knn_raw_classwise_k150_mean,1476,0.8735807488911087,0.5705926794903239,0.7402295031689575,0.8320919424158792
m2_m7_equal_weight,ALL,knn_raw_pooled_k150_kth,1476,0.8710429628886964,0.5690514405980008,0.7391494099341207,0.8292102851468971
m2_m7_equal_weight,ALL,knn_raw_pooled_k150_mean,1476,0.8708368924903018,0.5757447266647225,0.7387165480631318,0.8305806736880688
m2_m7_equal_weight,ALL,l2_class_std_euclidean_k150,636,0.8697183382900615,0.5870599828634474,0.7222836252771998,0.8224338366452666
m2_m7_equal_weight,ALL,l2_class_std_huber_k150,636,0.8700261339658578,0.5818084352338804,0.723721759689593,0.8238104337831645
m2_m7_equal_weight,ALL,l2_class_std_squared_k150,636,0.8695508327353174,0.5861652547693353,0.7219670058066713,0.8219457940664415
m2_m7_equal_weight,ALL,nnguide_k10,1476,0.8625606039094512,0.6365042186870327,0.7131629623329792,0.8135228083213879
m2_m7_equal_weight,ALL,nnguide_k50,1476,0.8687111068880963,0.6301990161754427,0.7249996663631203,0.8204654885364442
m2_m7_equal_weight,ALL,raw_classwise_huber_k150,1476,0.8733888673787608,0.5709207106986385,0.7398734911646745,0.8317547232070203
m2_m7_equal_weight,ALL,raw_classwise_squared_k150,1476,0.8734320471854525,0.5692219246056311,0.7398202004588262,0.831596536679406
m2_m7_equal_weight,ALL,raw_pooled_huber_k150,1476,0.8706641537892494,0.5759707768694736,0.7384740967239938,0.830337946951146
m2_m7_equal_weight,ALL,rsn_class_std_huber_calibrated,1476,0.8645019471839478,0.6377946274752458,0.7226094243691178,0.8165377438828658
m2_m7_equal_weight,ALL,rsn_class_std_huber_k150,1476,0.870391875625632,0.5664192541708923,0.7399689533755126,0.8301329098545529
m2_m7_equal_weight,ALL,rsn_delta075,636,0.8727990122475208,0.5551607891760153,0.730553705761437,0.8313242315833557
m2_m7_equal_weight,ALL,rsn_delta100,636,0.872761934715831,0.5556387927952359,0.7303679415593543,0.8311401261279925
m2_m7_equal_weight,ALL,rsn_delta200,636,0.8725593944603158,0.5581005165400982,0.7294660503442717,0.830231731631952
m2_m7_equal_weight,ALL,rsn_delta300,636,0.8723549728619457,0.5600392842278427,0.7286971316306091,0.8294510144940781
m2_m7_equal_weight,ALL,rsn_equalbank3000,1476,0.8646955703895527,0.6024824933251256,0.7293832511805857,0.8201190576703477
m2_m7_equal_weight,ALL,rsn_k100,636,0.8725245740811531,0.5620777267270763,0.7306611055915115,0.8320705291747076
m2_m7_equal_weight,ALL,rsn_k25,636,0.8701095455744955,0.5704864927181176,0.7258273881692644,0.8307343493478155
m2_m7_equal_weight,ALL,rsn_k300,636,0.8728597383333381,0.5670606382263248,0.7280398300974958,0.8279350840591713
m2_m7_equal_weight,ALL,rsn_k50,636,0.8717520454471471,0.567707147546514,0.7295985688497716,0.8326012606195271
m2_m7_equal_weight,ALL,rsn_tau1e1,636,0.8727126427079703,0.5563760413167848,0.7300913774986616,0.8308630932212426
m2_m7_equal_weight,ALL,rsn_tau1e2,636,0.8727007975442245,0.5564102345600631,0.7300727819481727,0.8308443358560781
m2_m7_equal_weight,ALL,rsn_tau1e4,636,0.8727007975442245,0.5564102345600631,0.7300727819481727,0.8308443358560781
