method,ood_class,AUROC,FPR95,AUPR_OUT,AUPR_OUT_BALANCED
class_iqr_huber_k150,cheetah,0.9279557519068344,0.5592692176388467,0.6286871502242477,0.8571857953334494
class_iqr_huber_k150,jaguar,0.7671540097853587,0.7574214762038898,0.4084278310318405,0.7128300214054845
class_iqr_huber_k150,leopard,0.7565668818980923,0.7272882783744405,0.4331737333697286,0.7042197730289245
class_iqr_huber_k150,lion,0.9525626140612233,0.32901480098531666,0.7865897331124523,0.9091776061804573
class_iqr_huber_k150,ocelot,0.7972868482785586,0.8516563705111335,0.4244684057123698,0.7075337606490207
class_iqr_huber_k150,puma,0.9103003304458344,0.6234596974150197,0.7023347080437354,0.8423262380276028
class_iqr_huber_k150,serval,0.9152195625096191,0.5476785023899243,0.5870564463374555,0.8727118125445964
class_iqr_huber_k150,tiger,0.9737589616233708,0.0709297900982416,0.9039399515155845,0.9586104364259387
class_mad_huber_k150,cheetah,0.9282852062059348,0.5553109624265103,0.6295515361969033,0.8578642055985951
class_mad_huber_k150,jaguar,0.7667043145316815,0.7566733002236412,0.408653920137614,0.7126116537292334
class_mad_huber_k150,leopard,0.756505923726111,0.7256508187487293,0.43396549320448197,0.7044640783251547
class_mad_huber_k150,lion,0.9524004631634797,0.3333038988854096,0.7859867767067487,0.9088316784535365
class_mad_huber_k150,ocelot,0.7979836614783821,0.8520187779963866,0.42506420862621813,0.7081487658267612
class_mad_huber_k150,puma,0.9101436701141087,0.6226972562093073,0.7021026680285355,0.8421838291139252
class_mad_huber_k150,serval,0.9153069739056375,0.5474711272935626,0.5873375636273301,0.8728706249708347
class_mad_huber_k150,tiger,0.9737652389146705,0.07109147438698037,0.9040778323650115,0.9586925915225145
class_std_euclidean_k150,cheetah,0.925037126337745,0.5954014977027601,0.6422928417514826,0.851536587635807
class_std_euclidean_k150,jaguar,0.7801822642986582,0.7365314939386719,0.4465284068065788,0.726497007150951
class_std_euclidean_k150,leopard,0.7798556736441519,0.7027442955245429,0.4763880840041352,0.7252926049869214
class_std_euclidean_k150,lion,0.9544087614187808,0.32645697467190077,0.805030241709578,0.9107149979535419
class_std_euclidean_k150,ocelot,0.8041833915308408,0.8325025437648819,0.45953358629484303,0.7162651182905986
class_std_euclidean_k150,puma,0.917468692606765,0.5794308438957945,0.7396585707957996,0.8548091535452661
class_std_euclidean_k150,serval,0.9207541005593297,0.5196838235909256,0.6261069872584774,0.8804795007784599
class_std_euclidean_k150,tiger,0.9748547845360596,0.06753012623795653,0.9157891151463136,0.9605911561303568
class_std_squared_k150,cheetah,0.9228918741336121,0.614549937871669,0.609982758802007,0.8466187496930568
class_std_squared_k150,jaguar,0.7649610806453322,0.7628643283986045,0.4026182886339263,0.7094343936764169
class_std_squared_k150,leopard,0.7615175170070589,0.733248100667633,0.43047903894147743,0.7056356311349804
class_std_squared_k150,lion,0.9529815910670323,0.3261901876330871,0.7843385234954675,0.9076585202608354
class_std_squared_k150,ocelot,0.7941033520690705,0.8574884473342043,0.4182857710883663,0.7028625391141251
class_std_squared_k150,puma,0.9142897233316423,0.6045447818388701,0.7114130521320217,0.8480832205180704
class_std_squared_k150,serval,0.9161033768939997,0.548063579886164,0.5872165786255561,0.8733596117659524
class_std_squared_k150,tiger,0.9738858537589425,0.06798989697656241,0.9040224452050136,0.9588068277147995
global_std_euclidean_k150,cheetah,0.9207993308022722,0.6243114805472186,0.627426751944656,0.844314848799168
global_std_euclidean_k150,jaguar,0.7696955177760317,0.7784954085784193,0.421703343071332,0.7097882782134619
global_std_euclidean_k150,leopard,0.7878442764713771,0.7573552014297373,0.456436156108401,0.7216008410523783
global_std_euclidean_k150,lion,0.9516793569278441,0.3924804290460891,0.7883585090543002,0.9009717025926701
global_std_euclidean_k150,ocelot,0.8165858924432858,0.8434808939156343,0.46691060329886563,0.7261236174398745
global_std_euclidean_k150,puma,0.922537398604936,0.5288220497196063,0.7526947240374164,0.8632583685054468
global_std_euclidean_k150,serval,0.9099018609413775,0.5715254230579295,0.59304691071285,0.8647518037991658
global_std_euclidean_k150,tiger,0.9758066919786318,0.06201254552766393,0.9166923273458879,0.9616242809718745
global_std_huber_k150,cheetah,0.9188983204555702,0.6367928723493416,0.5980046608515968,0.8409598130975888
global_std_huber_k150,jaguar,0.75409686625121,0.7966168624000881,0.38017046140566885,0.6936495037171272
global_std_huber_k150,leopard,0.7724886620791831,0.7802383812303127,0.41452951270432653,0.7054086598027899
global_std_huber_k150,lion,0.9506800591492761,0.3882960899804202,0.7684050265659264,0.8984087561347192
global_std_huber_k150,ocelot,0.8086674411724368,0.86469330294884,0.42811687310757135,0.7151165604098078
global_std_huber_k150,puma,0.9201430053892483,0.5415448578632459,0.7288467072406278,0.8593011601631295
global_std_huber_k150,serval,0.9046539585809455,0.5982853641347022,0.555812097140808,0.8577598704771685
global_std_huber_k150,tiger,0.9758562637775561,0.058755355298585166,0.9111911887755415,0.9625594818469533
global_std_squared_k150,cheetah,0.920739458078969,0.6223251418069207,0.6266123572819019,0.84391819907198
global_std_squared_k150,jaguar,0.7695655458330032,0.7795061772961698,0.4208307776506174,0.7090663074488381
global_std_squared_k150,leopard,0.7871629520694315,0.7593527369861623,0.4551525375404362,0.7205212212532596
global_std_squared_k150,lion,0.9517629370876246,0.38460067604356174,0.7881774225645264,0.9008265972446202
global_std_squared_k150,ocelot,0.8165281823506798,0.8444294408737096,0.4662789491074129,0.7255865006558188
global_std_squared_k150,puma,0.9224098086330303,0.5323259580735707,0.7509718310688964,0.8620363655209979
global_std_squared_k150,serval,0.9094314420871014,0.5741112146833152,0.5903737816872437,0.8634391837551588
global_std_squared_k150,tiger,0.9754112691337635,0.06383038326450671,0.914491522314869,0.9606226603242461
knn_l2_pooled_k50_kth,cheetah,0.9157809482006875,0.610910960724924,0.5982113737431096,0.8407962597457893
knn_l2_pooled_k50_kth,jaguar,0.7437747408060027,0.815345703765863,0.3694327870074038,0.6839703652898599
knn_l2_pooled_k50_kth,leopard,0.7700331202315083,0.8035510137347726,0.4065337936144764,0.6998912699150348
knn_l2_pooled_k50_kth,lion,0.9470543397359432,0.43569881521205683,0.7550406102833364,0.8910085401396788
knn_l2_pooled_k50_kth,ocelot,0.7955727137758406,0.8746907606677259,0.41501527392508697,0.7026433365952238
knn_l2_pooled_k50_kth,puma,0.9106293876879964,0.582138698673552,0.7153599674742886,0.8490998487027301
knn_l2_pooled_k50_kth,serval,0.9016039365597689,0.6103355504364159,0.5523215341580482,0.8558854000362344
knn_l2_pooled_k50_kth,tiger,0.9744541715453053,0.06976942503164636,0.9102223104240615,0.9614043559891671
knn_raw_classwise_k150_mean,cheetah,0.9220010706152233,0.6065628158992917,0.6126012276072273,0.8487705532664803
knn_raw_classwise_k150_mean,jaguar,0.7563698504601403,0.7802017477004136,0.3881141042516233,0.698832705081111
knn_raw_classwise_k150_mean,leopard,0.7762470853669465,0.7612092443767269,0.425136504730069,0.712256428896895
knn_raw_classwise_k150_mean,lion,0.9522248540144497,0.36232437217564495,0.7771723594157536,0.903010669244287
knn_raw_classwise_k150_mean,ocelot,0.811339709322033,0.8570853911594036,0.43390844204347107,0.7195476057373293
knn_raw_classwise_k150_mean,puma,0.9209608657840287,0.5189197538473287,0.7357319221753218,0.8636160172622663
knn_raw_classwise_k150_mean,serval,0.9074666408837904,0.5803865461501236,0.5680860128929165,0.8634431989305693
knn_raw_classwise_k150_mean,tiger,0.9779362393210127,0.05197972674139002,0.9245618029150868,0.9681046005217795
knn_raw_pooled_k150_kth,cheetah,0.9233269146809314,0.5796529780734199,0.6144418465535069,0.8505062325648743
knn_raw_pooled_k150_kth,jaguar,0.7522718353628418,0.7940375231945108,0.3807889900875398,0.6918511351279512
knn_raw_pooled_k150_kth,leopard,0.7693672793734087,0.778024539709991,0.4147326428553645,0.7027461937744367
knn_raw_pooled_k150_kth,lion,0.9552069975625471,0.2963694633967662,0.7960531874113236,0.9143272671466972
knn_raw_pooled_k150_kth,ocelot,0.8112858361202865,0.8622362893693717,0.42980257774959046,0.7144488109519781
knn_raw_pooled_k150_kth,puma,0.9176877447542112,0.5470856490388087,0.7266437993772948,0.8575071771855595
knn_raw_pooled_k150_kth,serval,0.9009707613891127,0.6102242511024646,0.5440463450035189,0.851529675167398
knn_raw_pooled_k150_kth,tiger,0.9750725937342006,0.06641475420944033,0.9082249659656434,0.9606170711137197
knn_raw_pooled_k150_mean,cheetah,0.9217847320414528,0.5876510749141317,0.6186964752321646,0.8521878606226424
knn_raw_pooled_k150_mean,jaguar,0.7510850002747469,0.7990960524114992,0.38142552888170045,0.6930392210367816
knn_raw_pooled_k150_mean,leopard,0.7749531335534307,0.7821944002251835,0.4185909763218662,0.7084517019487551
knn_raw_pooled_k150_mean,lion,0.9515439720869322,0.365853869053996,0.7770097070945268,0.902999488744163
knn_raw_pooled_k150_mean,ocelot,0.8074749546999885,0.8574704717554229,0.4312136455146862,0.7163645130612261
knn_raw_pooled_k150_mean,puma,0.915525502471741,0.5220667799253157,0.7338348768850409,0.8615586211306803
knn_raw_pooled_k150_mean,serval,0.90701961975151,0.5774605520457493,0.5744004338158387,0.8663099205052021
knn_raw_pooled_k150_mean,tiger,0.977469316855072,0.05254898271403949,0.9248575337636276,0.9678311434780611
l2_class_std_euclidean_k150,cheetah,0.9205632839361435,0.6371662223150164,0.6228825107399913,0.8405649372201561
l2_class_std_euclidean_k150,jaguar,0.7778033489700581,0.7531511818030266,0.43715599079488354,0.7206850688151164
l2_class_std_euclidean_k150,leopard,0.778405539125597,0.7212732417391975,0.46650520267532547,0.7194610600873651
l2_class_std_euclidean_k150,lion,0.9520878537182729,0.36103513803686005,0.7895730680562327,0.9019297244090346
l2_class_std_euclidean_k150,ocelot,0.7979558264554723,0.8473001004203002,0.44780301815723117,0.7068647240404617
l2_class_std_euclidean_k150,puma,0.9160597681172045,0.6163344730568042,0.730838971018608,0.8485266961298631
l2_class_std_euclidean_k150,serval,0.9183448151438139,0.5411169137065985,0.6147292300821713,0.8757129719410914
l2_class_std_euclidean_k150,tiger,0.9721290015395847,0.09077380641750522,0.9040194006235822,0.9546903602868553
l2_class_std_huber_k150,cheetah,0.9216338203703531,0.6261434517047336,0.6282552602371544,0.8436513432452725
l2_class_std_huber_k150,jaguar,0.7780253887207079,0.7502248188746449,0.43883563099511896,0.7216013709314093
l2_class_std_huber_k150,leopard,0.7781487516863559,0.7177308027089984,0.468445489846505,0.7203257065525586
l2_class_std_huber_k150,lion,0.9526599603678956,0.35172243874347003,0.7931505405622726,0.9039235046814764
l2_class_std_huber_k150,ocelot,0.7982372513054687,0.8455798889382549,0.4484454034396377,0.7072376098172913
l2_class_std_huber_k150,puma,0.916302108249312,0.6107950476304921,0.732160118729955,0.849418019939438
l2_class_std_huber_k150,serval,0.9183854691221791,0.5398545408554877,0.6162791442800413,0.8763122504192808
l2_class_std_huber_k150,tiger,0.9727946815923978,0.08750220539838592,0.9076044317605829,0.9563892646163832
l2_class_std_squared_k150,cheetah,0.9206030462191195,0.6343433843504679,0.6224344430598155,0.840386927777223
l2_class_std_squared_k150,jaguar,0.7777332483450536,0.7540360039476725,0.4364714988579453,0.7201818649569429
l2_class_std_squared_k150,leopard,0.7777588638608688,0.7224982400775584,0.4654837332280296,0.7186156907460219
l2_class_std_squared_k150,lion,0.9521694996093658,0.3545578326803059,0.7898250893141027,0.9020785008865706
l2_class_std_squared_k150,ocelot,0.797883328693798,0.8476675937604929,0.44725301233484616,0.7063716649807814
l2_class_std_squared_k150,puma,0.9159944241538593,0.6193989454372979,0.7294573873989649,0.8474874343706483
l2_class_std_squared_k150,serval,0.9179011764305344,0.5434873223819142,0.6124088822389205,0.8746110675916733
l2_class_std_squared_k150,tiger,0.9718038286491727,0.09294165079835351,0.9020992499875209,0.9537647220077538
nnguide_k10,cheetah,0.8737281908549764,0.7126895984543864,0.5132086743687486,0.7853397699615235
nnguide_k10,jaguar,0.7646357980703682,0.839341700525569,0.3788455320833133,0.6989221057188949
nnguide_k10,leopard,0.7930938124637132,0.831244959880633,0.4170321551403814,0.7171983550690397
nnguide_k10,lion,0.9226571341413166,0.4804461524491093,0.7117479099325712,0.8710542073369194
nnguide_k10,ocelot,0.8085669723740968,0.8686137526121844,0.4305470443883398,0.7197523437559232
nnguide_k10,puma,0.9297839043511336,0.4552236673981758,0.7691742655719206,0.8854815415470269
nnguide_k10,serval,0.9164314323702262,0.5210645818148651,0.6071570853748335,0.8826094587274227
nnguide_k10,tiger,0.9621394584366225,0.22706974158629376,0.8517021692274075,0.9357972908508924
nnguide_k50,cheetah,0.9039049194735772,0.7042834301251997,0.5664597504039895,0.819715341655765
nnguide_k50,jaguar,0.7590962201856167,0.830398247023839,0.37618825140436124,0.6932609730288067
nnguide_k50,leopard,0.7835957206055505,0.8178140346256143,0.4130695311203091,0.7085346027138694
nnguide_k50,lion,0.9428413176708673,0.48889172504134815,0.740353594787647,0.8853740442517899
nnguide_k50,ocelot,0.8034814110782414,0.8774753799591071,0.42114710757075663,0.7097060955669016
nnguide_k50,puma,0.9247606569096709,0.5347686964227143,0.7423348781222681,0.868551671445396
nnguide_k50,serval,0.9083071892196483,0.5816137725388718,0.5763026738477122,0.867755540534697
nnguide_k50,tiger,0.9752686094873904,0.0824082287545126,0.9035276203718261,0.959521077863929
raw_classwise_huber_k150,cheetah,0.9219824850771785,0.6058589328165651,0.6124887204380984,0.8488594906392017
raw_classwise_huber_k150,jaguar,0.7561403491608958,0.7810992578081624,0.3874706963261365,0.6984021393553775
raw_classwise_huber_k150,leopard,0.7756759245146573,0.7627864812464513,0.4240794608727689,0.7115132771969869
raw_classwise_huber_k150,lion,0.9522593013321591,0.3604938183036065,0.7774614533087982,0.9031983144157106
raw_classwise_huber_k150,ocelot,0.8110983979112929,0.8579186661972843,0.4331023455071879,0.7189179238141927
raw_classwise_huber_k150,puma,0.9209063253861349,0.5207405002533859,0.7351376160363415,0.8632659940089978
raw_classwise_huber_k150,serval,0.907091395740008,0.583113127215242,0.5663784217995962,0.8627058339783689
raw_classwise_huber_k150,tiger,0.9777679891898289,0.05284234683733112,0.9236921446140168,0.9677815436701516
raw_classwise_squared_k150,cheetah,0.922003182455425,0.6039261576537966,0.6120122535830079,0.8485477316123574
raw_classwise_squared_k150,jaguar,0.7562229197195595,0.7812459939633112,0.38721020347741403,0.698127062129633
raw_classwise_squared_k150,leopard,0.7755349190565147,0.7630887329369613,0.4238108698682322,0.7111575441868984
raw_classwise_squared_k150,lion,0.9524559954386097,0.3516788284837836,0.7778906580371472,0.9034025651497831
raw_classwise_squared_k150,ocelot,0.8113258228733544,0.8578589448094737,0.43329922748715866,0.719013510660264
raw_classwise_squared_k150,puma,0.9208905817229401,0.5210812029235571,0.734220927814162,0.8626165666191858
raw_classwise_squared_k150,serval,0.9069990798905689,0.5827495920805716,0.5653959446025217,0.8621750725664138
raw_classwise_squared_k150,tiger,0.9776500667248357,0.0533120783238931,0.9228337427815124,0.967397879695774
raw_pooled_huber_k150,cheetah,0.9218034678413619,0.5869079076923149,0.6187994516881197,0.8524043521822864
raw_pooled_huber_k150,jaguar,0.7508333190533226,0.7994184763396556,0.3809365105298126,0.6926747760289094
raw_pooled_huber_k150,leopard,0.7744279491515412,0.7832420108004757,0.4178005601922617,0.7078516154451833
raw_pooled_huber_k150,lion,0.9516178773888162,0.3638879530701741,0.7775475600775335,0.9033194428392254
raw_pooled_huber_k150,ocelot,0.8072459315088382,0.8581553301371212,0.4304836339127627,0.7157865544290296
raw_pooled_huber_k150,puma,0.9154552755977046,0.5235384751010109,0.7332893292905761,0.8612432646827601
raw_pooled_huber_k150,serval,0.9066706530942046,0.5801156882540331,0.5726545359836879,0.8655763855275991
raw_pooled_huber_k150,tiger,0.9773394509344524,0.053403566249046346,0.9242725282682348,0.9676047016332923
rsn_class_std_huber_calibrated,cheetah,0.890036842544731,0.7279034931420172,0.5395224922339872,0.7974231468865082
rsn_class_std_huber_calibrated,jaguar,0.7659297340656845,0.8299705790325476,0.38235140776066145,0.701810813536908
rsn_class_std_huber_calibrated,leopard,0.7724432103746128,0.7843784638425803,0.4161820761614656,0.7098399222027878
rsn_class_std_huber_calibrated,lion,0.9406751181927451,0.5228925059637319,0.7417349591810408,0.8841975044364193
rsn_class_std_huber_calibrated,ocelot,0.7803964627200679,0.8813910468924783,0.4034936268945248,0.6876985773943295
rsn_class_std_huber_calibrated,puma,0.9159612401332008,0.5926579203587756,0.7227915283830343,0.8555555393421026
rsn_class_std_huber_calibrated,serval,0.9239114259776496,0.5270125567992918,0.5998846865145057,0.8822769609627268
rsn_class_std_huber_calibrated,tiger,0.9696107739699201,0.11868928304710338,0.8884214846032841,0.9538453021168573
rsn_class_std_huber_k150,cheetah,0.9239135569531373,0.6041374720010892,0.6162514936629657,0.8499738615544323
rsn_class_std_huber_k150,jaguar,0.7652519002247626,0.7592614647849969,0.40529379854018055,0.7109713667980954
rsn_class_std_huber_k150,leopard,0.7618650360714805,0.7284977189853683,0.43375660209682226,0.7073841576621445
rsn_class_std_huber_k150,lion,0.9534537068632036,0.3226334117189118,0.7877657456457849,0.9093795482686523
rsn_class_std_huber_k150,ocelot,0.7944481746389611,0.8553958888438056,0.41945385116174433,0.7036959505805165
rsn_class_std_huber_k150,puma,0.914605632336855,0.595156363165886,0.714489726348646,0.85016505832079
rsn_class_std_huber_k150,serval,0.9166072222912688,0.543896304778289,0.5917764967420757,0.8752452676547275
rsn_class_std_huber_k150,tiger,0.9748812890233519,0.06389894266834341,0.9103477051411842,0.9615452049212834
rsn_delta075,cheetah,0.9264089742942497,0.5800840198972623,0.6497336295021107,0.8556487258231072
rsn_delta075,jaguar,0.7804911625179148,0.7318253285836268,0.4494314524237148,0.7280701955236379
rsn_delta075,leopard,0.7797303941254986,0.6968866639235178,0.4797717165415371,0.7268548445354017
rsn_delta075,lion,0.9550815898936809,0.3165566352619566,0.8093775096656783,0.9130228066307879
rsn_delta075,ocelot,0.8046178780592088,0.8299630350114282,0.4607408715378425,0.7170550074289744
rsn_delta075,puma,0.917737763337956,0.5696546387111783,0.7420436160658512,0.8564096485465712
rsn_delta075,serval,0.9210076060538941,0.5165323814539141,0.6293425249828964,0.8817501544196471
rsn_delta075,tiger,0.9757473051834135,0.06383874415653298,0.9207865217696067,0.962929823238152
rsn_delta100,cheetah,0.9263024850460364,0.5810968508657685,0.6491147255932525,0.8553187755761291
rsn_delta100,jaguar,0.7804688196694297,0.732284448810049,0.44913765142758094,0.7279039066858316
rsn_delta100,leopard,0.7796974409671564,0.6975522940436466,0.4794187735808775,0.726669470406073
rsn_delta100,lion,0.9550542436757512,0.31668881955053685,0.8091491279543844,0.9129076859603903
rsn_delta100,ocelot,0.8045637238000093,0.8302560677723383,0.4605358775669263,0.7168979686007546
rsn_delta100,puma,0.917752807941709,0.5705852251349891,0.7417611710173875,0.8562181721879434
rsn_delta100,serval,0.9209425410563475,0.5170275408198851,0.6288526894978352,0.881546805424168
rsn_delta100,tiger,0.9756610002293762,0.06432228640276041,0.9202333366537897,0.9626749456217675
rsn_delta200,cheetah,0.9257672135412616,0.5860857338188806,0.6460376756220464,0.8536653908957181
rsn_delta200,jaguar,0.7803421141752059,0.7348694048824609,0.4477243651015014,0.727102941828435
rsn_delta200,leopard,0.7795298015691853,0.7006903710112857,0.477681286545953,0.7257509062036199
rsn_delta200,lion,0.9548930431152043,0.3176296391436047,0.8079542887777967,0.9123022386101799
rsn_delta200,ocelot,0.8043382235772085,0.8315391263642097,0.45966494370389305,0.716235704065828
rsn_delta200,puma,0.9177250658002101,0.5755138751192873,0.7403746038550915,0.8552692275942727
rsn_delta200,serval,0.920648411118343,0.5194841466623797,0.6265346939349707,0.8805831344611031
rsn_delta200,tiger,0.9752157244601067,0.06649070950563095,0.9175270560022557,0.9614110267518623
rsn_delta300,cheetah,0.925340792062212,0.5902327009874132,0.643523682903388,0.8522985228322294
rsn_delta300,jaguar,0.7802090141946896,0.7365350804208556,0.4465814793107979,0.7264461338799766
rsn_delta300,leopard,0.7793423264946665,0.7028946039181614,0.4762664536629305,0.7249868244736638
rsn_delta300,lion,0.9547033653938884,0.3189625611563781,0.8067307132730895,0.9116673103277182
rsn_delta300,ocelot,0.8041862759453449,0.8324279218764851,0.45915194720635233,0.7158681866494996
rsn_delta300,puma,0.9175689186595759,0.5793673509404689,0.7391424872060763,0.8544117802882648
rsn_delta300,serval,0.9204401476941311,0.52116960321354,0.6247923815449385,0.8798513639036527
rsn_delta300,tiger,0.9748143719186879,0.0682621239265298,0.9152209675099046,0.9603229205410821
rsn_equalbank3000,cheetah,0.9160638088501644,0.689757115790234,0.5848758171896266,0.8325006054839766
rsn_equalbank3000,jaguar,0.7643794364293977,0.7845829661875922,0.39517042954166287,0.7050183246711991
rsn_equalbank3000,leopard,0.7426240880587416,0.7633192940763828,0.41102327775982156,0.6887887638777792
rsn_equalbank3000,lion,0.953657134600997,0.3134312336813622,0.7943644031640257,0.9145537640313621
rsn_equalbank3000,ocelot,0.7859267351385385,0.8796732198396013,0.40032107869582806,0.6863495188467988
rsn_equalbank3000,puma,0.9207308160877705,0.6269720172237065,0.7119760235464843,0.8481945176644189
rsn_equalbank3000,serval,0.903375873104907,0.6152241339420944,0.5454324305988608,0.8528207932740061
rsn_equalbank3000,tiger,0.9714256783960876,0.10316697646768402,0.8813483968559404,0.9496928432322032
rsn_k100,cheetah,0.9255476067487218,0.5852135823504528,0.6504689097362448,0.855917813702649
rsn_k100,jaguar,0.7791664173120543,0.7301880498754297,0.45052101594865485,0.7285994321235947
rsn_k100,leopard,0.7825732572713866,0.6942531130235182,0.48313112099888605,0.7299687559509632
rsn_k100,lion,0.953675578854881,0.35198210850882855,0.8040086197886914,0.9100272802372896
rsn_k100,ocelot,0.8028369390272009,0.828570445277688,0.4616123084824503,0.7180367545915767
rsn_k100,puma,0.9157838008254654,0.5657301083512456,0.7444078485728333,0.8580598811912563
rsn_k100,serval,0.9231046778540251,0.5030189739892261,0.6397481722148928,0.8864663803734502
rsn_k100,tiger,0.9767082957298635,0.056670469944093145,0.9265448467608303,0.9655165753017014
rsn_k25,cheetah,0.9161001635716034,0.6059754708687977,0.6382215732854344,0.8457090402723709
rsn_k25,jaguar,0.7770471722380093,0.7645266410792895,0.4415752271871355,0.7248204778714344
rsn_k25,leopard,0.789159503290664,0.74468376972864,0.4733124216505656,0.7300301323751069
rsn_k25,lion,0.9411077423406108,0.40159664752397584,0.7760702135410524,0.8959785039974315
rsn_k25,ocelot,0.8033011413711503,0.8185596409374752,0.4687956549744912,0.725742666006221
rsn_k25,puma,0.9124639312635161,0.5035033458307648,0.7605943834805802,0.8688910477524203
rsn_k25,serval,0.9302073292894845,0.4376707332222343,0.6791616077844159,0.903356902263425
rsn_k25,tiger,0.9760477595714443,0.049272790871739,0.9219510260738564,0.9632586718344545
rsn_k300,cheetah,0.9254865919555744,0.5904534881952819,0.6419631866464562,0.8513284393472715
rsn_k300,jaguar,0.7841227110333204,0.7417724885905826,0.4478808933646261,0.7279544507573474
rsn_k300,leopard,0.7745617567774302,0.7090114084414749,0.4715522397782174,0.7200312695116391
rsn_k300,lion,0.9549804391434692,0.304343738704392,0.8109407851615386,0.9146069350303846
rsn_k300,ocelot,0.8083346993210347,0.8354635427783245,0.45828392265658807,0.7147747603781595
rsn_k300,puma,0.9223572881526042,0.5952797022924138,0.737860995027764,0.8535481886672207
rsn_k300,serval,0.9155878497886376,0.5464710285085097,0.6074947829414733,0.8712249826826179
rsn_k300,tiger,0.9736480460915282,0.08352139268120383,0.9052822284879534,0.9556202586013172
rsn_k50,cheetah,0.9231954261656812,0.6007680413634237,0.6504995345267166,0.8547853202494152
rsn_k50,jaguar,0.7781788122588241,0.7304689188552015,0.4501029743910182,0.7284094926338309
rsn_k50,leopard,0.7870745116553891,0.6940440476699994,0.4850358828697863,0.7332626207239887
rsn_k50,lion,0.9483370332664508,0.3913058536347511,0.7903057692952664,0.9031562762418851
rsn_k50,ocelot,0.8021738893515733,0.8239110332109435,0.4651002090937553,0.7215549230806306
rsn_k50,puma,0.9129999252457313,0.5370027807184025,0.7503474518636865,0.8622331034390884
rsn_k50,serval,0.9267803317605475,0.47111850245509007,0.6611279050482303,0.8956481960787885
rsn_k50,tiger,0.9777582364921497,0.046768511057991874,0.9313957613919698,0.967621036069761
rsn_tau1e1,cheetah,0.9261339837125133,0.5825637212242984,0.6481388866798712,0.8547972222421526
rsn_tau1e1,jaguar,0.7804374708547651,0.733081153122457,0.4487140716110611,0.7276587936666721
rsn_tau1e1,leopard,0.7796587056107863,0.6985350688672287,0.4788831229196028,0.726384214454986
rsn_tau1e1,lion,0.955008241262991,0.31684478989571807,0.808790145182118,0.9127291150546646
rsn_tau1e1,ocelot,0.8045202689074376,0.8307246765554089,0.4602593870840428,0.7166937120990433
rsn_tau1e1,puma,0.917764989080177,0.5722081348648723,0.7413136185869732,0.8559154010555453
rsn_tau1e1,serval,0.920873076200903,0.5178060153019405,0.6281381494533399,0.8812574878677701
rsn_tau1e1,tiger,0.9755256605628142,0.06504568119892995,0.9193797839297421,0.9622762393758827
rsn_tau1e2,cheetah,0.9261289006736093,0.5826406779884741,0.648110603976202,0.854781036980614
rsn_tau1e2,jaguar,0.7804330126864663,0.7331298710706632,0.44866543306594553,0.7276363343320592
rsn_tau1e2,leopard,0.7796462545028208,0.6985825915654571,0.4788384859328209,0.7263633581426757
rsn_tau1e2,lion,0.9550089072858076,0.31685591265451235,0.8087786491672058,0.9127220676786191
rsn_tau1e2,ocelot,0.8044821989585811,0.8306807596291026,0.46022132002732574,0.7166550081172248
rsn_tau1e2,puma,0.917763245477152,0.5722015363738875,0.7413138108170444,0.8559143975277587
rsn_tau1e2,serval,0.9208418057460241,0.517889149215849,0.6280678788566842,0.8812208695851078
rsn_tau1e2,tiger,0.9755197177573932,0.06503933401928759,0.9193476160859932,0.9622625166884645
rsn_tau1e4,cheetah,0.9261289006736093,0.5826406779884741,0.648110603976202,0.854781036980614
rsn_tau1e4,jaguar,0.7804330126864663,0.7331298710706632,0.44866543306594553,0.7276363343320592
rsn_tau1e4,leopard,0.7796462545028208,0.6985825915654571,0.4788384859328209,0.7263633581426757
rsn_tau1e4,lion,0.9550089072858076,0.31685591265451235,0.8087786491672058,0.9127220676786191
rsn_tau1e4,ocelot,0.8044821989585811,0.8306807596291026,0.46022132002732574,0.7166550081172248
rsn_tau1e4,puma,0.917763245477152,0.5722015363738875,0.7413138108170444,0.8559143975277587
rsn_tau1e4,serval,0.9208418057460241,0.517889149215849,0.6280678788566842,0.8812208695851078
rsn_tau1e4,tiger,0.9755197177573932,0.06503933401928759,0.9193476160859932,0.9622625166884645
class_iqr_huber_k150,MACRO_8_SPECIES,0.8751006200636114,0.5583397667021016,0.6093347449184268,0.8205744304494342
class_mad_huber_k150,MACRO_8_SPECIES,0.8751369315050007,0.558027202021316,0.6095924998616054,0.8207084284425694
class_std_euclidean_k150,MACRO_8_SPECIES,0.8820930993665413,0.5450351999159293,0.638915979220901,0.8282732658089879
class_std_squared_k150,MACRO_8_SPECIES,0.8750917961133363,0.5643674075758494,0.6060445571154796,0.8190574367347796
global_std_euclidean_k150,MACRO_8_SPECIES,0.8818562907432195,0.5698104289777873,0.6279086656967137,0.824054217671755
global_std_huber_k150,MACRO_8_SPECIES,0.8756855721069283,0.583152885775692,0.5981345659740084,0.8166454757061605
global_std_squared_k150,MACRO_8_SPECIES,0.8816264494092004,0.5700602161284896,0.626611147401988,0.823252129409365
knn_l2_pooled_k50_kth,MACRO_8_SPECIES,0.8698629198178816,0.6003051160308696,0.5902672063287264,0.8105874220517147
knn_raw_classwise_k150_mean,MACRO_8_SPECIES,0.8780682894709531,0.5648336997562904,0.6081640470039337,0.8221977223675897
knn_raw_pooled_k150_kth,MACRO_8_SPECIES,0.8756487453721925,0.5667556810118467,0.6018417943754728,0.8179416953790768
knn_raw_pooled_k150_mean,MACRO_8_SPECIES,0.8758570289668592,0.5680427728806672,0.6075036471886814,0.8210928088159389
l2_class_std_euclidean_k150,MACRO_8_SPECIES,0.8791686796257684,0.5710188846869136,0.6266884240185032,0.821054442866243
l2_class_std_huber_k150,MACRO_8_SPECIES,0.8795234289268338,0.5661941493568085,0.6291470024814085,0.8223573837753888
l2_class_std_squared_k150,MACRO_8_SPECIES,0.8789809269952216,0.5711163716792579,0.6256791620525182,0.8204372341647019
nnguide_k10,MACRO_8_SPECIES,0.8713795878828067,0.6169617693401521,0.5849268545109395,0.8120193841209553
nnguide_k50,MACRO_8_SPECIES,0.8751570055788204,0.6147066893114008,0.5924229259536087,0.8140524183826443
raw_classwise_huber_k150,MACRO_8_SPECIES,0.8778652710390195,0.5656066413347536,0.6074763573628681,0.8218305646348735
raw_classwise_squared_k150,MACRO_8_SPECIES,0.877885320985226,0.5643676913969186,0.6070842284563945,0.8215547415775387
raw_pooled_huber_k150,MACRO_8_SPECIES,0.8756742405712802,0.568583675955479,0.6069730137428736,0.8208076365960357
rsn_class_std_huber_calibrated,MACRO_8_SPECIES,0.8698706009973265,0.6231119811348158,0.586797782716563,0.8090809708598299
rsn_class_std_huber_k150,MACRO_8_SPECIES,0.8756283148003776,0.5591096958683363,0.6098919274174255,0.8210450519700803
rsn_delta075,MACRO_8_SPECIES,0.882602834183227,0.5381676808749272,0.6426534803111548,0.8302176507682849
rsn_delta100,MACRO_8_SPECIES,0.882555382798227,0.5387266916749968,0.6422754191615042,0.8300172163078822
rsn_delta200,MACRO_8_SPECIES,0.8823074496695906,0.5415378758134675,0.6404373641929386,0.8290400713013774
rsn_delta300,MACRO_8_SPECIES,0.8820756515453996,0.543731493304979,0.6389262640771847,0.8282316303620109
rsn_equalbank3000,MACRO_8_SPECIES,0.8697729463333255,0.5970158696510822,0.5905639821690313,0.809739891385218
rsn_k100,MACRO_8_SPECIES,0.8824245717029499,0.5394533564150603,0.6450553553129355,0.8315741091840602
rsn_k25,MACRO_8_SPECIES,0.8806793428670603,0.5407236300078645,0.6449602634971915,0.8322234302966081
rsn_k300,MACRO_8_SPECIES,0.8823849227829499,0.5507895987740229,0.6351573792580771,0.8261361606219948
rsn_k50,MACRO_8_SPECIES,0.8820622707745434,0.5369234611207254,0.6479894360600537,0.8333338710646736
rsn_tau1e1,MACRO_8_SPECIES,0.8824902995240484,0.5396011551288568,0.6417021456808438,0.8297140232270896
rsn_tau1e2,MACRO_8_SPECIES,0.8824780053859818,0.5396274790646541,0.6416679747411528,0.8296944486315655
rsn_tau1e4,MACRO_8_SPECIES,0.8824780053859818,0.5396274790646541,0.6416679747411528,0.8296944486315655
